movie,frame,mean_isc,n_subjects
1.2.3.mp4,20,0.5834064255019717,83
1.2.3.mp4,80,0.18660558943064456,83
1.2.3.mp4,140,0.1941185486900461,82
1.2.3.mp4,200,0.235035139062192,82
1.2.3.mp4,260,0.3864749177733845,82
1.2.3.mp4,320,0.21353943966022587,79
1.2.3.mp4,380,0.3087493708139629,84
1.2.3.mp4,440,0.5394234338008306,85
1.2.3.mp4,500,0.4836027999522119,82
1.2.3.mp4,560,0.527004982041979,79
1.2.3.mp4,620,0.4910797066811938,81
1.2.3.mp4,680,0.4405812855244681,85
1.2.3.mp4,740,0.40116761244451166,81
1.2.3.mp4,800,0.3549759094336268,79
1.2.3.mp4,860,0.499920464386471,79
1.2.3.mp4,920,0.5260576483194234,81
1.2.3.mp4,980,0.5214678577450989,80
1.2.3.mp4,1040,0.6463840833021095,80
1.2.3.mp4,1100,0.5499307879148737,78
1.2.3.mp4,1160,0.5122870687995792,76
1.2.3.mp4,1220,0.4472627442121034,76
1.2.3.mp4,1280,0.3919004682905359,79
1.2.3.mp4,1340,0.38113467457095307,78
1.2.3.mp4,1400,0.45494779005231384,74
1.2.3.mp4,1460,0.41673178383830534,79
1.2.3.mp4,1520,0.4480246695502383,79
1.2.3.mp4,1580,0.38364394183445255,81
1.2.3.mp4,1640,0.48862518766545693,80
1.2.3.mp4,1700,0.49121194623397946,73
1.2.3.mp4,1760,0.49470673087839184,77
1.2.3.mp4,1820,0.47116063835535527,79
1.2.3.mp4,1880,0.5473138184185163,78
1.2.3.mp4,1940,0.49899587664396294,77
1.2.3.mp4,2000,0.4865757276327062,81
1.2.3.mp4,2060,0.5766363435795006,78
1.2.3.mp4,2120,0.6669019914518756,79
1.2.3.mp4,2180,0.6381919244901301,78
1.2.3.mp4,2240,0.5262710374263406,82
1.2.3.mp4,2300,0.4782313629440576,78
1.2.3.mp4,2360,0.528403578302823,81
1.2.3.mp4,2420,0.44763309221089004,80
1.2.3.mp4,2480,0.4070435910298211,77
1.2.3.mp4,2540,0.41214082641599814,81
1.2.3.mp4,2600,0.4012415168875056,82
1.2.3.mp4,2660,0.4229878005790887,79
1.2.3.mp4,2720,0.43061260828294623,80
1.2.3.mp4,2780,0.4014646086914581,82
1.2.3.mp4,2840,0.4262114751409405,81
1.2.3.mp4,2900,0.46816549351056796,79
1.2.3.mp4,2960,0.4648908415417138,76
1.2.3.mp4,3020,0.4581131257965401,76
1.2.3.mp4,3080,0.39227139682916456,80
1.2.3.mp4,3140,0.4043383324177315,76
1.2.3.mp4,3200,0.49827465423060435,78
1.2.3.mp4,3260,0.4228512441347304,76
1.2.3.mp4,3320,0.6054009623542617,79
1.2.3.mp4,3380,0.6320814618972154,78
1.2.3.mp4,3440,0.5651575824941355,81
1.2.3.mp4,3500,0.5674647284653981,79
1.2.3.mp4,3560,0.536084080673981,77
1.2.3.mp4,3620,0.47565645758133335,79
1.2.3.mp4,3680,0.5924458651779554,79
1.2.3.mp4,3740,0.5932195680368937,78
1.2.3.mp4,3800,0.633495575546189,76
1.2.3.mp4,3860,0.5342493481861311,80
1.2.3.mp4,3920,0.5284088232269584,76
1.2.3.mp4,3980,0.5844829562543468,77
1.2.3.mp4,4040,0.6563714835735992,82
1.2.3.mp4,4100,0.6456468069248971,81
1.2.3.mp4,4160,0.6443442863090263,82
1.2.3.mp4,4220,0.6344525318687098,79
1.2.3.mp4,4280,0.5602320509953896,79
1.2.3.mp4,4340,0.5670491170875922,77
1.2.3.mp4,4400,0.5528527775502486,75
1.2.3.mp4,4460,0.47343284283069115,79
1.2.3.mp4,4520,0.5303573834071694,81
1.2.3.mp4,4580,0.5564325120813476,78
1.2.3.mp4,4640,0.48496935014751413,74
1.2.3.mp4,4700,0.41039510088441417,78
1.2.3.mp4,4760,0.4561712679717069,75
1.2.3.mp4,4820,0.4768371923874395,79
1.2.3.mp4,4880,0.3034825826971195,78
1.2.3.mp4,4940,0.3572709938744083,76
1.2.3.mp4,5000,0.6131256059093353,78
1.2.3.mp4,5060,0.47318404874634706,79
1.2.3.mp4,5120,0.5351369887148627,78
1.2.3.mp4,5180,0.5993640065764938,80
1.2.3.mp4,5240,0.545104059735658,82
1.2.3.mp4,5300,0.37447588659032544,76
1.2.3.mp4,5360,0.5719885324448114,80
1.2.3.mp4,5420,0.3556963157025166,80
1.2.3.mp4,5480,0.38665752825442196,81
1.2.3.mp4,5540,0.39258177251031157,80
1.2.3.mp4,5600,0.655514749858412,81
1.2.3.mp4,5660,0.5712672925935721,83
1.2.3.mp4,5720,0.38246056196998945,79
1.2.3.mp4,5780,0.5505428149634483,76
1.2.3.mp4,5840,0.42057118786180603,79
1.2.3.mp4,5900,0.36719712076517635,78
1.2.3.mp4,5960,0.4132355315451616,81
1.2.3.mp4,6020,0.3224694649500118,74
1.2.3.mp4,6080,0.4866847930243239,71
1.2.3.mp4,6140,0.42785158111885385,76
1.2.3.mp4,6200,0.3932662293097222,77
1.2.3.mp4,6260,0.49304094940254634,77
1.2.3.mp4,6320,0.41819096953412027,76
1.2.3.mp4,6380,0.5157799268586678,75
1.2.3.mp4,6440,0.36189791779366454,71
1.2.3.mp4,6500,0.530533462009557,68
1.2.3.mp4,6560,0.5318811239322295,74
1.2.3.mp4,6620,0.5842624493936698,75
1.2.3.mp4,6680,0.5544044269359132,77
1.2.3.mp4,6740,0.5525856126991321,77
1.2.3.mp4,6800,0.5725045602081956,79
1.2.3.mp4,6860,0.5580869980887333,80
1.2.3.mp4,6920,0.539407117764239,74
1.2.3.mp4,6980,0.5651836570059704,75
1.2.3.mp4,7040,0.5439057847849117,78
1.2.3.mp4,7100,0.529284748150967,76
1.2.3.mp4,7160,0.5399489249654212,77
1.2.3.mp4,7220,0.5125499514339026,82
1.2.3.mp4,7280,0.4839315307234708,76
1.2.3.mp4,7340,0.496689502113535,77
1.2.3.mp4,7400,0.5511136664194055,81
1.2.3.mp4,7460,0.5229033305076882,76
1.2.3.mp4,7520,0.5138836768545354,79
1.2.3.mp4,7580,0.4760385612283314,79
1.2.3.mp4,7640,0.5068364630398066,78
1.2.3.mp4,7700,0.576611091857776,77
1.2.3.mp4,7760,0.39310159910168935,70
1.2.3.mp4,7820,0.4289859919566903,77
1.2.3.mp4,7880,0.46451182816695347,77
1.2.3.mp4,7940,0.5416352187643901,72
1.2.3.mp4,8000,0.4190906936085472,75
1.2.3.mp4,8060,0.48473151387767993,73
1.2.3.mp4,8120,0.4294082795055454,72
1.2.3.mp4,8180,0.3802425422020153,74
1.2.3.mp4,8240,0.40262845263963465,76
1.2.3.mp4,8300,0.4041686064876175,77
1.2.3.mp4,8360,0.43113707315124983,73
1.2.3.mp4,8420,0.46248696562004826,73
1.2.3.mp4,8480,0.49141357815195175,74
1.2.3.mp4,8540,0.3902289508909419,69
1.2.3.mp4,8600,0.4283114117963738,73
1.2.3.mp4,8660,0.38208603099561655,78
1.2.3.mp4,8720,0.5816999331608457,78
1.2.3.mp4,8780,0.3912575822764051,75
1.2.3.mp4,8840,0.3512776859386481,77
1.2.3.mp4,8900,0.5487216937457188,78
1.2.3.mp4,8960,0.3016216716193275,73
1.2.3.mp4,9020,0.2576223261654377,75
1.2.3.mp4,9080,0.35453873651567847,73
1.2.3.mp4,9140,0.31700471863433977,76
1.2.3.mp4,9200,0.22285076445589463,75
1.2.3.mp4,9260,0.4228203266959301,72
1.2.3.mp4,9320,0.5519017126651493,78
1.2.3.mp4,9380,0.35960145194460186,72
1.2.3.mp4,9440,0.3506660066378702,70
1.2.3.mp4,9500,0.45487332004958236,80
1.2.3.mp4,9560,0.5406212764282827,80
1.2.3.mp4,9620,0.3976410606643185,80
1.2.3.mp4,9680,0.558594158693374,77
1.2.3.mp4,9740,0.49034526785525184,75
1.2.3.mp4,9800,0.34272213893111897,74
1.2.3.mp4,9860,0.3963553678949137,74
1.2.3.mp4,9920,0.5130355730458783,72
1.2.3.mp4,9980,0.4142851086193058,73
1.2.3.mp4,10040,0.3588594895302998,74
1.2.3.mp4,10100,0.39628710768961656,75
1.2.3.mp4,10160,0.4187115676029791,77
1.2.3.mp4,10220,0.3351023394088391,72
1.2.3.mp4,10280,0.36364161130040884,73
1.2.3.mp4,10340,0.4762878904144305,74
1.2.3.mp4,10400,0.3106900403917943,74
1.2.3.mp4,10460,0.30425972035620363,75
1.2.3.mp4,10520,0.421807019064497,77
1.2.3.mp4,10580,0.3310530619853019,77
1.2.3.mp4,10640,0.28293513079013605,77
1.2.3.mp4,10700,0.351417575406467,77
1.2.3.mp4,10760,0.4509567179436451,74
1.2.3.mp4,10820,0.3621209461071218,76
1.2.3.mp4,10880,0.3756659612325685,77
1.2.3.mp4,10940,0.46379721206923324,75
1.2.3.mp4,11000,0.3760832516812062,68
1.2.3.mp4,11060,0.3654583744831722,77
1.2.3.mp4,11120,0.49802533592897613,71
1.2.3.mp4,11180,0.30636250340329435,75
1.2.3.mp4,11240,0.3341741890272763,76
1.2.3.mp4,11300,0.4360398666766422,74
1.2.3.mp4,11360,0.39695201033415894,77
1.2.3.mp4,11420,0.38398902421515135,74
1.2.3.mp4,11480,0.4532369708299245,76
1.2.3.mp4,11540,0.36069429802950725,73
1.2.3.mp4,11600,0.3514032205929617,77
1.2.3.mp4,11660,0.4869931443097691,75
1.2.3.mp4,11720,0.30314087827075814,70
1.2.3.mp4,11780,0.3526141947360986,72
1.2.3.mp4,11840,0.4890033832257236,74
1.2.3.mp4,11900,0.3909866836254618,71
1.2.3.mp4,11960,0.3488317470655602,73
1.2.3.mp4,12020,0.4585404864598164,76
1.2.3.mp4,12080,0.33575902874833224,74
1.2.3.mp4,12140,0.3517952497039611,75
1.2.3.mp4,12200,0.4609418666750079,74
1.2.3.mp4,12260,0.39876171979432307,75
1.2.3.mp4,12320,0.3849391086474306,76
1.2.3.mp4,12380,0.441384811952178,71
1.2.3.mp4,12440,0.307669520690596,76
1.2.3.mp4,12500,0.30542544374326003,78
1.2.3.mp4,12560,0.40236463912254133,78
1.2.3.mp4,12620,0.3115578205062365,71
1.2.3.mp4,12680,0.3124431262577386,73
1.2.3.mp4,12740,0.49335459837488627,74
1.2.3.mp4,12800,0.3069483928788358,78
1.2.3.mp4,12860,0.34464425525338566,74
1.2.3.mp4,12920,0.4125410574820957,71
1.2.3.mp4,12980,0.42734296263661237,70
1.2.3.mp4,13040,0.294277731804987,70
1.2.3.mp4,13100,0.3102478846690307,75
1.2.3.mp4,13160,0.43872283612941637,76
1.2.3.mp4,13220,0.35064309859548565,70
1.2.3.mp4,13280,0.3439013781834446,72
1.2.3.mp4,13340,0.3941850813367259,77
1.2.3.mp4,13400,0.32771547820043956,72
1.2.3.mp4,13460,0.3745081450503606,78
1.2.3.mp4,13520,0.3625642365108974,74
1.2.3.mp4,13580,0.39722747817732296,78
1.2.3.mp4,13640,0.39274595645991595,76
1.2.3.mp4,13700,0.4657727862646182,75
1.2.3.mp4,13760,0.48879867086253836,81
1.2.3.mp4,13820,0.5209815703677193,78
1.2.3.mp4,13880,0.6519089354991138,80
1.2.3.mp4,13940,0.628975100821117,80
1.2.3.mp4,14000,0.6460952091360865,79
1.2.3.mp4,14060,0.5994215633796707,73
1.2.3.mp4,14120,0.43334539824475843,78
1.2.3.mp4,14180,0.493787090794649,80
1.2.3.mp4,14240,0.46762782328917335,75
1.2.3.mp4,14300,0.3927463828586042,74
1.2.3.mp4,14360,0.4456646737944282,71
1.2.3.mp4,14420,0.4246381576317297,71
1.2.3.mp4,14480,0.3387473348647708,75
1.2.3.mp4,14540,0.42633578223978624,74
1.2.3.mp4,14600,0.41046614812886606,70
1.2.3.mp4,14660,0.3603523321932049,70
1.2.3.mp4,14720,0.40769738947379996,78
1.2.3.mp4,14780,0.38524179717676493,68
1.2.3.mp4,14840,0.36910614158605803,74
1.2.3.mp4,14900,0.4116496002199511,73
1.2.3.mp4,14960,0.3095533206231064,72
1.2.3.mp4,15020,0.4213788650024121,73
1.2.3.mp4,15080,0.40946920807506154,71
1.2.3.mp4,15140,0.36197607798149456,75
1.2.3.mp4,15200,0.41334297653214125,76
1.2.3.mp4,15260,0.32381333867831724,74
1.2.3.mp4,15320,0.33610634821295543,76
1.2.3.mp4,15380,0.4457164586999932,74
1.2.3.mp4,15440,0.30527725043904147,66
1.2.3.mp4,15500,0.342422867423415,72
1.2.3.mp4,15560,0.3704660848445594,74
1.2.3.mp4,15620,0.2748790233528982,72
1.2.3.mp4,15680,0.39234648095443847,75
1.2.3.mp4,15740,0.40066972947058577,76
1.2.3.mp4,15800,0.36899528951866417,71
1.2.3.mp4,15860,0.4310436688012794,77
1.2.3.mp4,15920,0.3644578731848373,71
1.2.3.mp4,15980,0.42281791132253904,75
1.2.3.mp4,16040,0.37395532975413465,73
1.2.3.mp4,16100,0.33139274072083125,72
1.2.3.mp4,16160,0.3349408865130196,72
1.2.3.mp4,16220,0.2298125920072198,75
1.2.3.mp4,16280,0.4465866709813579,72
1.2.3.mp4,16340,0.42698747627572087,69
1.2.3.mp4,16400,0.26235670221337515,71
1.2.3.mp4,16460,0.2882659707913621,71
1.2.3.mp4,16520,0.308380294946993,71
1.2.3.mp4,16580,0.4135288478622974,71
1.2.3.mp4,16640,0.3385899845051353,75
1.2.3.mp4,16700,0.3928316161575882,76
1.2.3.mp4,16760,0.36400026616818076,77
1.2.3.mp4,16820,0.44057703484315425,75
1.2.3.mp4,16880,0.44284947912485617,74
1.2.3.mp4,16940,0.4173180511578509,73
1.2.3.mp4,17000,0.4589943152417739,75
1.2.3.mp4,17060,0.39482252878185947,76
1.2.3.mp4,17120,0.3651127187535167,72
1.2.3.mp4,17180,0.3100355491771905,67
1.2.3.mp4,17240,0.3016392647000935,72
1.2.3.mp4,17300,0.3420700207723051,66
1.2.3.mp4,17360,0.33431160779318947,69
1.2.3.mp4,17420,0.35331552539840533,72
1.2.3.mp4,17480,0.45282299042140184,76
1.2.3.mp4,17540,0.40937736286296933,73
1.2.3.mp4,17600,0.28224496724568815,73
1.2.3.mp4,17660,0.38493101781579864,66
1.2.3.mp4,17720,0.2925228524580598,75
1.2.3.mp4,17780,0.3234729748879987,74
1.2.3.mp4,17840,0.3014941385498969,75
1.2.3.mp4,17900,0.3067929229100368,71
1.2.3.mp4,17960,0.3639854559319486,76
1.2.3.mp4,18020,0.33399888476667305,75
1.2.3.mp4,18080,0.3133228990880849,73
1.2.3.mp4,18140,0.6262422746450111,75
1.2.3.mp4,18200,0.577659949755985,73
1.2.3.mp4,18260,0.5093093666212771,72
1.2.3.mp4,18320,0.5849974457193418,74
1.2.3.mp4,18380,0.5656794548857135,77
1.2.3.mp4,18440,0.44284062481721564,68
1.2.3.mp4,18500,0.5031464790459722,70
1.2.3.mp4,18560,0.4847516490007747,69
1.2.3.mp4,18620,0.4159620596485129,67
1.2.3.mp4,18680,0.4799578797731859,72
1.2.3.mp4,18740,0.4556948564711742,70
1.2.3.mp4,18800,0.45642093760223773,71
1.2.3.mp4,18860,0.511799405745154,73
1.2.3.mp4,18920,0.467338843608572,70
1.2.3.mp4,18980,0.4328750703226271,75
1.2.3.mp4,19040,0.32132169009585465,71
1.2.3.mp4,19100,0.4425210650577875,70
1.2.3.mp4,19160,0.42330056325162707,68
1.2.3.mp4,19220,0.4490325072022732,72
1.2.3.mp4,19280,0.3476782858078237,72
1.2.3.mp4,19340,0.2889325360301882,69
1.2.3.mp4,19400,0.2715493872214759,64
1.2.3.mp4,19460,0.3118431762542943,71
1.2.3.mp4,19520,0.3745613195561519,72
1.2.3.mp4,19580,0.39849507340437007,73
1.2.3.mp4,19640,0.39014115984143355,75
1.2.3.mp4,19700,0.3455321241189305,74
1.2.3.mp4,19760,0.4022897976199881,67
1.2.3.mp4,19820,0.31878671180522755,75
1.2.3.mp4,19880,0.2973053794600727,68
1.2.3.mp4,19940,0.28125395158361965,59
1.2.3.mp4,20000,0.2941359422744854,69
1.2.3.mp4,20060,0.29919844514436345,67
1.2.3.mp4,20120,0.3825848855071165,69
1.2.3.mp4,20180,0.515045416423506,69
1.2.3.mp4,20240,0.2602497038405231,71
1.2.3.mp4,20300,0.373517081019995,69
1.2.3.mp4,20360,0.4367280309340237,74
1.2.3.mp4,20420,0.511583967958965,72
1.2.3.mp4,20480,0.5401419194016074,70
1.2.3.mp4,20540,0.4877732441438219,65
1.2.3.mp4,20600,0.4890572172432282,74
1.2.3.mp4,20660,0.41056380412613325,76
1.2.3.mp4,20720,0.45578313736625437,71
1.2.3.mp4,20780,0.42466304155564166,73
1.2.3.mp4,20840,0.34704419295303524,72
1.2.3.mp4,20900,0.481699375081059,70
1.2.3.mp4,20960,0.43384552328928333,69
1.2.3.mp4,21020,0.42626712016010687,67
1.2.3.mp4,21080,0.4361118567176163,68
1.2.3.mp4,21140,0.46166128086808483,76
1.2.3.mp4,21200,0.4398667210049621,73
1.2.3.mp4,21260,0.4189541992948276,73
1.2.3.mp4,21320,0.4283940145205155,76
1.2.3.mp4,21380,0.3837371327271554,71
1.2.3.mp4,21440,0.4088428064684073,75
1.2.3.mp4,21500,0.37192206211288326,70
1.2.3.mp4,21560,0.3927511622942984,75
1.2.3.mp4,21620,0.3782485164964283,72
1.2.3.mp4,21680,0.3676193256560766,71
1.2.3.mp4,21740,0.3905554855188044,76
1.2.3.mp4,21800,0.36327895179221575,77
1.2.3.mp4,21860,0.36242539931088685,75
1.2.3.mp4,21920,0.3805520592865611,74
1.2.3.mp4,21980,0.39876328083411067,72
1.2.3.mp4,22040,0.4000282877351384,74
1.2.3.mp4,22100,0.352680921970579,69
1.2.3.mp4,22160,0.38901799044106156,72
1.2.3.mp4,22220,0.38379120486206375,76
1.2.3.mp4,22280,0.3120797021021071,73
1.2.3.mp4,22340,0.3642158624648616,71
1.2.3.mp4,22400,0.3087096985242605,72
1.2.3.mp4,22460,0.2856091477757169,75
1.2.3.mp4,22520,0.2657830773900251,78
1.2.3.mp4,22580,0.3027947834495149,73
1.2.3.mp4,22640,0.40039032565234095,69
1.2.3.mp4,22700,0.45304313624175213,69
1.2.3.mp4,22760,0.5340172406187622,71
1.2.3.mp4,22820,0.407562638884662,74
1.2.3.mp4,22880,0.48263258994141195,71
1.2.3.mp4,22940,0.4252454552025644,68
1.2.3.mp4,23000,0.4657318836120794,64
1.2.3.mp4,23060,0.38080803222981385,74
1.2.3.mp4,23120,0.37715414998738067,72
1.2.3.mp4,23180,0.4668473792731512,69
1.2.3.mp4,23240,0.40338486123600625,71
1.2.3.mp4,23300,0.3921554950262669,71
1.2.3.mp4,23360,0.4418586653838348,72
1.2.3.mp4,23420,0.3449303430864506,65
1.2.3.mp4,23480,0.36203304703222283,68
1.2.3.mp4,23540,0.43046724459777275,75
1.2.3.mp4,23600,0.38617155034149037,69
1.2.3.mp4,23660,0.37213324068265186,74
1.2.3.mp4,23720,0.3425053801932507,69
1.2.3.mp4,23780,0.45255048278098303,72
1.2.3.mp4,23840,0.4777961521298249,69
1.2.3.mp4,23900,0.4752420184885462,75
1.2.3.mp4,23960,0.47808169365885694,74
1.2.3.mp4,24020,0.5122696194312957,73
1.2.3.mp4,24080,0.49289655895593265,75
1.2.3.mp4,24140,0.4082679032820137,73
1.2.3.mp4,24200,0.38411810008835967,71
1.2.3.mp4,24260,0.37793768220233603,68
1.2.3.mp4,24320,0.34948073110717814,65
1.2.3.mp4,24380,0.3640220551349839,71
1.2.3.mp4,24440,0.334112829001346,71
1.2.3.mp4,24500,0.35124411060740907,70
1.2.3.mp4,24560,0.3433004080899991,70
1.2.3.mp4,24620,0.3770140798330523,70
1.2.3.mp4,24680,0.3226060001316535,68
1.2.3.mp4,24740,0.30864300227291147,72
1.2.3.mp4,24800,0.36143226899962494,70
1.2.3.mp4,24860,0.3865020325690109,70
1.2.3.mp4,24920,0.3697858323086823,73
1.2.3.mp4,24980,0.3949473582126137,66
1.2.3.mp4,25040,0.37032282875963685,67
1.2.3.mp4,25100,0.44566556270379426,77
1.2.3.mp4,25160,0.4358057233842719,71
1.2.3.mp4,25220,0.4194337023747346,63
1.2.3.mp4,25280,0.38753061850100007,68
1.2.3.mp4,25340,0.3849480301151987,71
1.2.3.mp4,25400,0.4006293250972198,73
1.2.3.mp4,25460,0.38041421728363883,72
1.2.3.mp4,25520,0.3978966631269007,74
1.2.3.mp4,25580,0.500841944725419,71
1.2.3.mp4,25640,0.507635391297351,71
1.2.3.mp4,25700,0.5013666114137411,67
1.2.3.mp4,25760,0.5151845687878844,70
1.2.3.mp4,25820,0.5164140978800681,68
1.2.3.mp4,25880,0.5887697242045155,69
1.2.3.mp4,25940,0.4930911109921807,73
1.2.3.mp4,26000,0.46229376945539363,73
1.2.3.mp4,26060,0.55495822303364,66
1.2.3.mp4,26120,0.47599017222924833,69
1.2.3.mp4,26180,0.5116639090614228,73
1.2.3.mp4,26240,0.5503429426950075,74
1.2.3.mp4,26300,0.46284514251099507,71
1.2.3.mp4,26360,0.48826255687795905,70
1.2.3.mp4,26420,0.26989921850412535,69
1.2.3.mp4,26480,0.4198872884827162,73
1.2.3.mp4,26540,0.38283912284931243,74
1.2.3.mp4,26600,0.40357796171016685,73
1.2.3.mp4,26660,0.40313670042043886,68
1.2.3.mp4,26720,0.37422328702883706,63
1.2.3.mp4,26780,0.33964165167730137,67
1.2.3.mp4,26840,0.3374982707018992,68
1.2.3.mp4,26900,0.24737661647930986,62
1.2.3.mp4,26960,0.3344842574887854,68
1.2.3.mp4,27020,0.280027597611907,68
1.2.3.mp4,27080,0.3050695583889527,63
1.2.3.mp4,27140,0.36001223283154626,70
1.2.3.mp4,27200,0.3387714701662348,66
1.2.3.mp4,27260,0.37280212869518436,65
1.2.3.mp4,27320,0.3621336034339038,64
1.2.3.mp4,27380,0.4700520654225589,70
1.2.3.mp4,27440,0.3497215883043181,72
1.2.3.mp4,27500,0.33789324256183245,73
1.2.3.mp4,27560,0.32028484898748705,72
1.2.3.mp4,27620,0.36372233382152286,69
1.2.3.mp4,27680,0.347152243151616,66
1.2.3.mp4,27740,0.3275488608778687,64
1.2.3.mp4,27800,0.3165871840478344,66
1.2.3.mp4,27860,0.2973611078749814,67
1.2.3.mp4,27920,0.2760444222706189,67
1.2.3.mp4,27980,0.2614906173409291,71
1.2.3.mp4,28040,0.27723110289457187,71
1.2.3.mp4,28100,0.2510993698719316,66
1.2.3.mp4,28160,0.29734940641670865,68
1.2.3.mp4,28220,0.2438088272170011,70
1.2.3.mp4,28280,0.274169504604695,68
1.2.3.mp4,28340,0.3068488662104136,70
1.2.3.mp4,28400,0.29133727832584444,66
1.2.3.mp4,28460,0.2338228892906805,69
1.2.3.mp4,28520,0.2660145994670915,66
1.2.3.mp4,28580,0.28832583853406557,70
1.2.3.mp4,28640,0.249524722354181,64
1.2.3.mp4,28700,0.23056321234131852,66
1.2.3.mp4,28760,0.24875333564371238,61
1.2.3.mp4,28820,0.26294173601155096,65
1.2.3.mp4,28880,0.3104581320101557,69
1.2.3.mp4,28940,0.3096741157194683,68
1.2.3.mp4,29000,0.2738936468680848,67
1.2.3.mp4,29060,0.24808028055206482,69
1.2.3.mp4,29120,0.30014948826283216,67
1.2.3.mp4,29180,0.28718333093122816,68
1.2.3.mp4,29240,0.28813234463405724,65
1.2.3.mp4,29300,0.2912277478912373,67
1.2.3.mp4,29360,0.30673588223817205,64
1.2.3.mp4,29420,0.2874182271257536,68
1.2.3.mp4,29480,0.29229924213766717,67
1.2.3.mp4,29540,0.31056768130565615,65
1.2.3.mp4,29600,0.2970530773540411,68
1.2.3.mp4,29660,0.286800629917349,61
1.2.3.mp4,29720,0.2868192353556906,67
1.2.3.mp4,29780,0.26224329887638587,66
1.2.3.mp4,29840,0.34595931988587836,66
1.2.3.mp4,29900,0.3014335137083602,71
1.2.3.mp4,29960,0.23785622582903931,70
1.2.3.mp4,30020,0.2609373226678416,68
1.2.3.mp4,30080,0.23755546245271997,69
1.2.3.mp4,30140,0.2731394676886725,66
1.2.3.mp4,30200,0.25814662640219305,67
1.2.3.mp4,30260,0.31633887809795747,69
1.2.3.mp4,30320,0.447839407641423,66
1.2.3.mp4,30380,0.536485640834882,69
1.2.3.mp4,30440,0.37927792443713143,67
1.2.3.mp4,30500,0.4461401841262058,72
1.2.3.mp4,30560,0.49704415298423127,68
1.2.3.mp4,30620,0.45441812845905694,68
1.2.3.mp4,30680,0.5938507327114912,67
1.2.3.mp4,30740,0.5698527142693124,68
1.2.3.mp4,30800,0.5603235242820844,69
1.2.3.mp4,30860,0.5210161169566813,71
1.2.3.mp4,30920,0.5010822594159053,69
1.2.3.mp4,30980,0.482620190553577,71
1.2.3.mp4,31040,0.3850390506927973,71
1.2.3.mp4,31100,0.3990271074708289,65
1.2.3.mp4,31160,0.4444810643679265,67
1.2.3.mp4,31220,0.4226626311917951,73
1.2.3.mp4,31280,0.44148768945460154,69
1.2.3.mp4,31340,0.4313897691954854,73
1.2.3.mp4,31400,0.3759815051301342,69
1.2.3.mp4,31460,0.42647503963072175,67
1.2.3.mp4,31520,0.39299524686465115,74
1.2.3.mp4,31580,0.3863658664906527,73
1.2.3.mp4,31640,0.3416317099106631,73
1.2.3.mp4,31700,0.4017318551723535,75
1.2.3.mp4,31760,0.30214995235866426,77
1.2.3.mp4,31820,0.3107602924344615,73
1.2.3.mp4,31880,0.323006300436018,72
1.2.3.mp4,31940,0.3705769672357265,70
1.2.3.mp4,32000,0.3627939434030422,70
1.2.3.mp4,32060,0.41229808236664484,64
1.2.3.mp4,32120,0.33792108909983654,64
1.2.3.mp4,32180,0.3743376924604591,63
1.2.3.mp4,32240,0.3370486182922667,67
1.2.3.mp4,32300,0.3205531177079694,67
1.2.3.mp4,32360,0.28669051370686954,64
1.2.3.mp4,32420,0.26276831771986237,65
1.2.3.mp4,32480,0.27486291738422286,64
1.2.3.mp4,32540,0.21173035006753968,70
1.2.3.mp4,32600,0.23348277832337772,65
1.2.3.mp4,32660,0.2353946221753164,73
1.2.3.mp4,32720,0.2826157226432663,69
1.2.3.mp4,32780,0.19481998535721048,68
1.2.3.mp4,32840,0.25416336420491553,69
1.2.3.mp4,32900,0.28318505407586486,71
1.2.3.mp4,32960,0.2445755315163885,68
1.2.3.mp4,33020,0.27620705013713076,62
1.2.3.mp4,33080,0.26227396049140606,67
1.2.3.mp4,33140,0.2872776178973577,63
1.2.3.mp4,33200,0.299448712511609,63
1.2.3.mp4,33260,0.2985668812567989,60
1.2.3.mp4,33320,0.2666191152110024,65
1.2.3.mp4,33380,0.2268242380175608,69
1.2.3.mp4,33440,0.28884903369140136,62
1.2.3.mp4,33500,0.2899783389598486,64
1.2.3.mp4,33560,0.31808299806222995,67
1.2.3.mp4,33620,0.24867100924223898,65
1.2.3.mp4,33680,0.2776075853927903,74
1.2.3.mp4,33740,0.27220450456641143,71
1.2.3.mp4,33800,0.26712488964415115,72
1.2.3.mp4,33860,0.2517765187259231,71
1.2.3.mp4,33920,0.2848559642459602,72
1.2.3.mp4,33980,0.2454646225017843,67
1.2.3.mp4,34040,0.294148187905523,70
1.2.3.mp4,34100,0.3015906740345397,72
1.2.3.mp4,34160,0.28115257038734853,70
1.2.3.mp4,34220,0.3149822226322785,74
1.2.3.mp4,34280,0.25376230159969027,67
1.2.3.mp4,34340,0.2826472370789441,68
1.2.3.mp4,34400,0.28899127496954274,68
1.2.3.mp4,34460,0.305577126913704,68
1.2.3.mp4,34520,0.31152141363536184,74
1.2.3.mp4,34580,0.39693050065288343,74
1.2.3.mp4,34640,0.3466452596511579,69
1.2.3.mp4,34700,0.32529285837854466,68
1.2.3.mp4,34760,0.22726839243609837,70
1.2.3.mp4,34820,0.36824293802575475,70
1.2.3.mp4,34880,0.28208748530596495,72
1.2.3.mp4,34940,0.27623957265606874,77
1.2.3.mp4,35000,0.18050221291357754,72
1.2.3.mp4,35060,0.19487256866866826,72
1.2.3.mp4,35120,0.16904810568049664,67
2.4.1.mp4,20,0.5679796163314654,81
2.4.1.mp4,80,0.29171023881772273,80
2.4.1.mp4,140,0.2177328684213912,82
2.4.1.mp4,200,0.17852935476952958,83
2.4.1.mp4,260,0.15116041168512312,80
2.4.1.mp4,320,0.13081223277251675,83
2.4.1.mp4,380,0.579450454846408,85
2.4.1.mp4,440,0.5204866042271222,82
2.4.1.mp4,500,0.3130944187328329,85
2.4.1.mp4,560,0.4141169071722871,78
2.4.1.mp4,620,0.24891633901972368,84
2.4.1.mp4,680,0.28710892780419484,81
2.4.1.mp4,740,0.34305339708979077,85
2.4.1.mp4,800,0.49019408939372616,83
2.4.1.mp4,860,0.3644090170439865,84
2.4.1.mp4,920,0.5702284021705953,83
2.4.1.mp4,980,0.5583789862849446,83
2.4.1.mp4,1040,0.3771307860601316,79
2.4.1.mp4,1100,0.36044601022220424,83
2.4.1.mp4,1160,0.4137693024608615,83
2.4.1.mp4,1220,0.3396920109594084,84
2.4.1.mp4,1280,0.2883725478974987,81
2.4.1.mp4,1340,0.36141193639879754,84
2.4.1.mp4,1400,0.3908176791155711,76
2.4.1.mp4,1460,0.46939155899818585,83
2.4.1.mp4,1520,0.6409205072846862,82
2.4.1.mp4,1580,0.5300042003038383,84
2.4.1.mp4,1640,0.5014174886781825,82
2.4.1.mp4,1700,0.5071120250379734,84
2.4.1.mp4,1760,0.4602150662838193,84
2.4.1.mp4,1820,0.4502115186805008,82
2.4.1.mp4,1880,0.41162196018664937,82
2.4.1.mp4,1940,0.4016615168783457,82
2.4.1.mp4,2000,0.4280150119875872,83
2.4.1.mp4,2060,0.3501549931444274,82
2.4.1.mp4,2120,0.514705809121508,84
2.4.1.mp4,2180,0.5793190224766277,82
2.4.1.mp4,2240,0.5038486066438695,85
2.4.1.mp4,2300,0.4761070361116986,82
2.4.1.mp4,2360,0.5237612215236628,84
2.4.1.mp4,2420,0.47180239537486895,84
2.4.1.mp4,2480,0.42732078292651865,81
2.4.1.mp4,2540,0.3874755959150207,80
2.4.1.mp4,2600,0.49562103748967273,82
2.4.1.mp4,2660,0.5020664880938102,83
2.4.1.mp4,2720,0.48101296119745374,83
2.4.1.mp4,2780,0.4110981623472815,78
2.4.1.mp4,2840,0.47587374321940334,83
2.4.1.mp4,2900,0.48606130199967573,83
2.4.1.mp4,2960,0.49488433061462894,83
2.4.1.mp4,3020,0.48585324658563844,82
2.4.1.mp4,3080,0.4268949435075678,83
2.4.1.mp4,3140,0.46759950574264736,80
2.4.1.mp4,3200,0.32737575144468184,84
2.4.1.mp4,3260,0.5143980283642233,82
2.4.1.mp4,3320,0.46636037719688456,83
2.4.1.mp4,3380,0.46858143423867904,81
2.4.1.mp4,3440,0.4644992467152273,82
2.4.1.mp4,3500,0.4970929473551223,80
2.4.1.mp4,3560,0.5124667260213756,85
2.4.1.mp4,3620,0.4812833818471933,81
2.4.1.mp4,3680,0.43931337264252873,82
2.4.1.mp4,3740,0.43924634753558983,79
2.4.1.mp4,3800,0.45092270594000455,83
2.4.1.mp4,3860,0.38376261846142257,82
2.4.1.mp4,3920,0.4275915998924414,85
2.4.1.mp4,3980,0.4308008060750847,82
2.4.1.mp4,4040,0.40153547079750784,81
2.4.1.mp4,4100,0.4367089124675009,84
2.4.1.mp4,4160,0.36409257833417163,83
2.4.1.mp4,4220,0.3753864960946885,80
2.4.1.mp4,4280,0.4182114274607809,83
2.4.1.mp4,4340,0.41350906648723457,75
2.4.1.mp4,4400,0.42889096513036873,80
2.4.1.mp4,4460,0.418791304558243,82
2.4.1.mp4,4520,0.4582948610763057,78
2.4.1.mp4,4580,0.3910326332386051,77
2.4.1.mp4,4640,0.5263429600421244,80
2.4.1.mp4,4700,0.555315247457755,84
2.4.1.mp4,4760,0.5100900987731065,83
2.4.1.mp4,4820,0.4847130563433987,78
2.4.1.mp4,4880,0.35444843469150855,76
2.4.1.mp4,4940,0.2912602707602721,76
2.4.1.mp4,5000,0.3261770660748497,77
2.4.1.mp4,5060,0.3035047214229214,79
2.4.1.mp4,5120,0.2474045888899127,80
2.4.1.mp4,5180,0.3480615411896872,80
2.4.1.mp4,5240,0.34787679626824686,81
2.4.1.mp4,5300,0.35266644240322487,81
2.4.1.mp4,5360,0.26833457603484767,79
2.4.1.mp4,5420,0.595294622285398,83
2.4.1.mp4,5480,0.38852452983181657,84
2.4.1.mp4,5540,0.6465974616030941,84
2.4.1.mp4,5600,0.31605612428691715,78
2.4.1.mp4,5660,0.3850799181055641,82
2.4.1.mp4,5720,0.6539467402347704,82
2.4.1.mp4,5780,0.6131487448796312,82
2.4.1.mp4,5840,0.6696719006566262,81
2.4.1.mp4,5900,0.6725447330914903,80
2.4.1.mp4,5960,0.6562763517315033,80
2.4.1.mp4,6020,0.6398710060375146,78
2.4.1.mp4,6080,0.6358776029844123,78
2.4.1.mp4,6140,0.6179031456331125,78
2.4.1.mp4,6200,0.6034552753737927,79
2.4.1.mp4,6260,0.5947006704415418,79
2.4.1.mp4,6320,0.5699602874939318,78
2.4.1.mp4,6380,0.5236021747570957,79
2.4.1.mp4,6440,0.5496453113578768,77
2.4.1.mp4,6500,0.5919766431732569,80
2.4.1.mp4,6560,0.5188837177059674,77
2.4.1.mp4,6620,0.3967436231109069,76
2.4.1.mp4,6680,0.287532233203725,78
2.4.1.mp4,6740,0.5907569184390014,80
2.4.1.mp4,6800,0.5381521746312501,80
2.4.1.mp4,6860,0.6145263636826227,76
2.4.1.mp4,6920,0.5384553224370889,77
2.4.1.mp4,6980,0.461946882247083,78
2.4.1.mp4,7040,0.3994808337256127,79
2.4.1.mp4,7100,0.4428659290482756,80
2.4.1.mp4,7160,0.4749788342422107,80
2.4.1.mp4,7220,0.52486696101204,84
2.4.1.mp4,7280,0.3244400369883629,82
2.4.1.mp4,7340,0.5732447594894933,80
2.4.1.mp4,7400,0.5231892884941771,80
2.4.1.mp4,7460,0.4523419815081137,81
2.4.1.mp4,7520,0.3841758699617086,72
2.4.1.mp4,7580,0.36105704470242883,79
2.4.1.mp4,7640,0.42350754693527765,79
2.4.1.mp4,7700,0.6148981794773135,80
2.4.1.mp4,7760,0.6549584339588398,81
2.4.1.mp4,7820,0.6245564868291601,78
2.4.1.mp4,7880,0.6297656037164909,81
2.4.1.mp4,7940,0.5986742871589487,79
2.4.1.mp4,8000,0.31703629742997386,75
2.4.1.mp4,8060,0.588818629672096,80
2.4.1.mp4,8120,0.3991202134118219,76
2.4.1.mp4,8180,0.3265013403092187,70
2.4.1.mp4,8240,0.386779271649739,79
2.4.1.mp4,8300,0.5957223184659709,81
2.4.1.mp4,8360,0.5389749415969421,81
2.4.1.mp4,8420,0.550057398492936,80
2.4.1.mp4,8480,0.5415565981342297,80
2.4.1.mp4,8540,0.5286631792376284,80
2.4.1.mp4,8600,0.6149679889842845,82
2.4.1.mp4,8660,0.5922207159077516,80
2.4.1.mp4,8720,0.5736557633075633,81
2.4.1.mp4,8780,0.6287645467010508,81
2.4.1.mp4,8840,0.6365325399468169,79
2.4.1.mp4,8900,0.61663403585063,76
2.4.1.mp4,8960,0.5433848300924549,77
2.4.1.mp4,9020,0.5561798422609289,79
2.4.1.mp4,9080,0.3893768451182554,78
2.4.1.mp4,9140,0.5633276472052122,81
2.4.1.mp4,9200,0.48108011660476524,76
2.4.1.mp4,9260,0.36270509100240933,77
2.4.1.mp4,9320,0.36380273075420644,79
2.4.1.mp4,9380,0.3199575010861736,80
2.4.1.mp4,9440,0.3391046910163581,79
2.4.1.mp4,9500,0.3569220643184042,79
2.4.1.mp4,9560,0.6242087893913706,77
2.4.1.mp4,9620,0.6216868445313034,78
2.4.1.mp4,9680,0.5422235358695405,69
2.4.1.mp4,9740,0.6134428246994503,80
2.4.1.mp4,9800,0.6019932554306414,78
2.4.1.mp4,9860,0.6258594010432716,80
2.4.1.mp4,9920,0.6063751731247676,80
2.4.1.mp4,9980,0.6360085853733696,79
2.4.1.mp4,10040,0.6058102932651169,79
2.4.1.mp4,10100,0.5602919011096126,74
2.4.1.mp4,10160,0.6162414954727681,80
2.4.1.mp4,10220,0.6195099451340352,80
2.4.1.mp4,10280,0.5619409735326802,76
2.4.1.mp4,10340,0.610494675373969,75
2.4.1.mp4,10400,0.5690258249471133,77
2.4.1.mp4,10460,0.35232605307979825,77
2.4.1.mp4,10520,0.46301447471422663,72
2.4.1.mp4,10580,0.40400306001232056,76
2.4.1.mp4,10640,0.4196828528826397,72
2.4.1.mp4,10700,0.38359414845448603,74
2.4.1.mp4,10760,0.3499150151749038,81
2.4.1.mp4,10820,0.30879152944631205,67
2.4.1.mp4,10880,0.42897959039672406,75
2.4.1.mp4,10940,0.45763886048508856,75
2.4.1.mp4,11000,0.3867153920314434,78
2.4.1.mp4,11060,0.5917087769703357,80
2.4.1.mp4,11120,0.6653472023797435,79
2.4.1.mp4,11180,0.6847353569328688,77
2.4.1.mp4,11240,0.6811446473064522,75
2.4.1.mp4,11300,0.6088069153983946,78
2.4.1.mp4,11360,0.3483731693980333,76
2.4.1.mp4,11420,0.5258667174477947,73
2.4.1.mp4,11480,0.37994922314589263,79
2.4.1.mp4,11540,0.3892007218237268,75
2.4.1.mp4,11600,0.46703923543294273,76
2.4.1.mp4,11660,0.5732774746076514,75
2.4.1.mp4,11720,0.36191361147054546,74
2.4.1.mp4,11780,0.3936166066843442,77
2.4.1.mp4,11840,0.4212736423133401,77
2.4.1.mp4,11900,0.3753192314669784,76
2.4.1.mp4,11960,0.47254315836011973,76
2.4.1.mp4,12020,0.33274862572550773,75
2.4.1.mp4,12080,0.400683015709122,75
2.4.1.mp4,12140,0.47813460445031525,80
2.4.1.mp4,12200,0.44881603876588705,81
2.4.1.mp4,12260,0.4410769225509527,76
2.4.1.mp4,12320,0.4204108920419895,79
2.4.1.mp4,12380,0.47115034490554153,77
2.4.1.mp4,12440,0.37195354844637524,72
2.4.1.mp4,12500,0.43316641033967385,78
2.4.1.mp4,12560,0.4989171821913547,76
2.4.1.mp4,12620,0.41668103346716107,82
2.4.1.mp4,12680,0.554385728279424,82
2.4.1.mp4,12740,0.5022447282797657,80
2.4.1.mp4,12800,0.4966007097104153,78
2.4.1.mp4,12860,0.3930907181580551,80
2.4.1.mp4,12920,0.36300556190858163,79
2.4.1.mp4,12980,0.2874431855654201,78
2.4.1.mp4,13040,0.2086500043024946,77
2.4.1.mp4,13100,0.37472107620038964,77
2.4.1.mp4,13160,0.381022691431596,75
2.4.1.mp4,13220,0.2438828282986498,76
2.4.1.mp4,13280,0.21332342715532046,73
2.4.1.mp4,13340,0.29036142259198977,76
2.4.1.mp4,13400,0.19612181943880083,75
2.4.1.mp4,13460,0.5316349430884257,82
2.4.1.mp4,13520,0.550464459897117,76
2.4.1.mp4,13580,0.37823834324410804,75
2.4.1.mp4,13640,0.40361803741863284,71
2.4.1.mp4,13700,0.4329692596802488,78
2.4.1.mp4,13760,0.3506982289476774,76
2.4.1.mp4,13820,0.4174229371158454,78
2.4.1.mp4,13880,0.42906102734802215,73
2.4.1.mp4,13940,0.32559747613546713,71
2.4.1.mp4,14000,0.4044477519449554,79
2.4.1.mp4,14060,0.2869352404456082,75
2.4.1.mp4,14120,0.3899353819804779,69
2.4.1.mp4,14180,0.24791965897505483,69
2.4.1.mp4,14240,0.340161023127536,75
2.4.1.mp4,14300,0.3142634817619789,72
2.4.1.mp4,14360,0.41064402371644976,75
2.4.1.mp4,14420,0.36521939134138687,78
2.4.1.mp4,14480,0.3585150045699549,77
2.4.1.mp4,14540,0.48725430647156076,68
2.4.1.mp4,14600,0.42289680504550536,75
2.4.1.mp4,14660,0.35838174362383457,69
2.4.1.mp4,14720,0.33287483428915343,75
2.4.1.mp4,14780,0.25432372018946586,74
2.4.1.mp4,14840,0.25204825080931187,75
2.4.1.mp4,14900,0.2732344871883591,75
2.4.1.mp4,14960,0.4465034561476503,78
2.4.1.mp4,15020,0.5330129504392419,79
2.4.1.mp4,15080,0.5901042684936562,78
2.4.1.mp4,15140,0.58957136300082,75
2.4.1.mp4,15200,0.5743176613783313,74
2.4.1.mp4,15260,0.5325473890240703,77
2.4.1.mp4,15320,0.550746109626897,77
2.4.1.mp4,15380,0.6264003886110578,76
2.4.1.mp4,15440,0.5525881720884507,76
2.4.1.mp4,15500,0.5468270874566709,75
2.4.1.mp4,15560,0.5455604456861813,75
2.4.1.mp4,15620,0.4905355224618688,76
2.4.1.mp4,15680,0.4852875990414759,80
2.4.1.mp4,15740,0.42774617121223807,77
2.4.1.mp4,15800,0.470157757934526,76
2.4.1.mp4,15860,0.4172035499455165,74
2.4.1.mp4,15920,0.435651932661603,77
2.4.1.mp4,15980,0.49002933908358454,76
2.4.1.mp4,16040,0.46669915004209284,71
2.4.1.mp4,16100,0.38127043120524223,72
2.4.1.mp4,16160,0.46956980108729446,72
2.4.1.mp4,16220,0.40092059949808434,75
2.4.1.mp4,16280,0.43579627007145333,75
2.4.1.mp4,16340,0.5315445539745269,72
2.4.1.mp4,16400,0.4936210154555738,78
2.4.1.mp4,16460,0.4324790466487563,75
2.4.1.mp4,16520,0.4950087956126986,72
2.4.1.mp4,16580,0.40777299931505695,76
2.4.1.mp4,16640,0.46793370573998316,75
2.4.1.mp4,16700,0.47489092159202867,80
2.4.1.mp4,16760,0.4255895532422711,77
2.4.1.mp4,16820,0.4258167840339042,74
2.4.1.mp4,16880,0.32649180321285215,72
2.4.1.mp4,16940,0.5370490290160763,74
2.4.1.mp4,17000,0.5431136877741665,70
2.4.1.mp4,17060,0.4706972823972165,69
2.4.1.mp4,17120,0.2817332838926263,75
2.4.1.mp4,17180,0.3240452038215103,73
2.4.1.mp4,17240,0.4060682264469207,73
2.4.1.mp4,17300,0.4167093590909794,73
2.4.1.mp4,17360,0.31087719787444384,72
2.4.1.mp4,17420,0.29564483790262686,72
2.4.1.mp4,17480,0.30356429067573376,72
2.4.1.mp4,17540,0.45043479606614145,71
2.4.1.mp4,17600,0.2852185107803962,72
2.4.1.mp4,17660,0.3800278571237561,71
2.4.1.mp4,17720,0.34569209115422406,75
2.4.1.mp4,17780,0.3482022489147817,74
2.4.1.mp4,17840,0.26244266498168667,71
2.4.1.mp4,17900,0.29766201023274746,71
2.4.1.mp4,17960,0.3427020941550533,72
2.4.1.mp4,18020,0.48160891213019064,72
2.4.1.mp4,18080,0.42189983217945526,75
2.4.1.mp4,18140,0.345599552396951,70
2.4.1.mp4,18200,0.2966608483078224,70
2.4.1.mp4,18260,0.35968678458338627,73
2.4.1.mp4,18320,0.3119966255658319,71
2.4.1.mp4,18380,0.33032430150873354,74
2.4.1.mp4,18440,0.30150022812719857,73
2.4.1.mp4,18500,0.32223428804427384,70
2.4.1.mp4,18560,0.3669086256006267,70
2.4.1.mp4,18620,0.35113312171976246,73
2.4.1.mp4,18680,0.3359625608984932,73
2.4.1.mp4,18740,0.31346448319755604,68
2.4.1.mp4,18800,0.276937816247976,71
2.4.1.mp4,18860,0.3303224994361558,71
2.4.1.mp4,18920,0.4147704700700234,74
2.4.1.mp4,18980,0.33634805128867945,67
2.4.1.mp4,19040,0.3719589893499547,71
2.4.1.mp4,19100,0.46519734493429293,73
2.4.1.mp4,19160,0.38433591126231476,70
2.4.1.mp4,19220,0.3996835029268238,70
2.4.1.mp4,19280,0.4434938567638811,72
2.4.1.mp4,19340,0.4747406689881519,73
2.4.1.mp4,19400,0.4528007941064087,69
2.4.1.mp4,19460,0.4620686519942055,73
2.4.1.mp4,19520,0.4491354823523365,68
2.4.1.mp4,19580,0.3861951326539587,69
2.4.1.mp4,19640,0.49647210679996984,68
2.4.1.mp4,19700,0.44308821027251805,67
2.4.1.mp4,19760,0.27995680180659593,72
2.4.1.mp4,19820,0.29519398129545155,75
2.4.1.mp4,19880,0.29229687682153394,71
2.4.1.mp4,19940,0.4283755712332839,78
2.4.1.mp4,20000,0.44093339169113377,72
2.4.1.mp4,20060,0.5341815349406955,77
2.4.1.mp4,20120,0.3767730952995653,75
2.4.1.mp4,20180,0.4655298509501985,78
2.4.1.mp4,20240,0.2775139070422172,73
2.4.1.mp4,20300,0.4041510905076597,68
2.4.1.mp4,20360,0.21863584689396834,72
2.4.1.mp4,20420,0.39656435554463637,68
2.4.1.mp4,20480,0.24473866140608913,68
2.4.1.mp4,20540,0.2835970821291474,71
2.4.1.mp4,20600,0.21601505520300487,74
2.4.1.mp4,20660,0.1705289660822018,64
2.4.1.mp4,20720,0.1633047699180775,76
2.4.1.mp4,20780,0.22076901003114274,74
2.4.1.mp4,20840,0.5333830431619709,75
2.4.1.mp4,20900,0.3132787256897108,73
2.4.1.mp4,20960,0.4355327134522108,78
2.4.1.mp4,21020,0.4257723742909729,75
2.4.1.mp4,21080,0.2718484416536446,63
2.4.1.mp4,21140,0.18907865653762226,72
2.4.1.mp4,21200,0.16677871849519058,72
2.4.1.mp4,21260,0.1863690828288193,69
2.4.1.mp4,21320,0.17545056470077147,67
2.4.1.mp4,21380,0.179811411655285,74
2.4.1.mp4,21440,0.27519981914166064,75
2.4.1.mp4,21500,0.525673559002046,78
2.4.1.mp4,21560,0.44136930648858347,77
2.4.1.mp4,21620,0.4093771898857484,74
2.4.1.mp4,21680,0.590188141568946,79
2.4.1.mp4,21740,0.5702251823942946,70
2.4.1.mp4,21800,0.3375407210214211,78
2.4.1.mp4,21860,0.5775259858105952,76
2.4.1.mp4,21920,0.45189689396118576,78
2.4.1.mp4,21980,0.48615986337377265,78
2.4.1.mp4,22040,0.5670134159900301,72
2.4.1.mp4,22100,0.411055909545717,73
2.4.1.mp4,22160,0.3993514999965555,73
2.4.1.mp4,22220,0.5452015254696881,75
2.4.1.mp4,22280,0.38643277952879934,71
2.4.1.mp4,22340,0.3451039597313961,78
2.4.1.mp4,22400,0.4348980411979076,77
2.4.1.mp4,22460,0.455279964243229,79
2.4.1.mp4,22520,0.5148431546356831,75
2.4.1.mp4,22580,0.34224995588218526,71
2.4.1.mp4,22640,0.3649851583316922,76
2.4.1.mp4,22700,0.39317413295518505,75
2.4.1.mp4,22760,0.2341476243454963,74
2.4.1.mp4,22820,0.30638131259107276,77
2.4.1.mp4,22880,0.3433110878934773,76
2.4.1.mp4,22940,0.27746877523937397,72
2.4.1.mp4,23000,0.335834668054107,75
2.4.1.mp4,23060,0.3645569303166121,77
2.4.1.mp4,23120,0.377845443226397,76
2.4.1.mp4,23180,0.3775408994804725,77
2.4.1.mp4,23240,0.3214218562995023,78
2.4.1.mp4,23300,0.3249556902881292,71
2.4.1.mp4,23360,0.2904423216436714,76
2.4.1.mp4,23420,0.33972697317107564,70
2.4.1.mp4,23480,0.3527983516404355,74
2.4.1.mp4,23540,0.38030558875373877,75
2.4.1.mp4,23600,0.3374174405360901,79
2.4.1.mp4,23660,0.3080915800593276,72
2.4.1.mp4,23720,0.3126373308446029,73
2.4.1.mp4,23780,0.2539321177747509,73
2.4.1.mp4,23840,0.5019081676972564,75
2.4.1.mp4,23900,0.31281878963208704,68
2.4.1.mp4,23960,0.4476319772036969,70
2.4.1.mp4,24020,0.32727499148615086,70
2.4.1.mp4,24080,0.32296862198065407,73
2.4.1.mp4,24140,0.44745781009838187,73
2.4.1.mp4,24200,0.5251091999833828,68
2.4.1.mp4,24260,0.5532608729483786,66
2.4.1.mp4,24320,0.5446204275543675,66
2.4.1.mp4,24380,0.37999286797305903,73
2.4.1.mp4,24440,0.361461395965307,65
2.4.1.mp4,24500,0.26553213666535586,69
2.4.1.mp4,24560,0.346304648020934,74
2.4.1.mp4,24620,0.4236606362089196,74
2.4.1.mp4,24680,0.3503796004853841,74
2.4.1.mp4,24740,0.24887686952974442,72
2.4.1.mp4,24800,0.417293157174506,77
2.4.1.mp4,24860,0.5392212157627606,72
2.4.1.mp4,24920,0.5149893721503516,75
2.4.1.mp4,24980,0.45349698372779246,78
2.4.1.mp4,25040,0.4922611184096567,78
2.4.1.mp4,25100,0.4292666236492428,74
2.4.1.mp4,25160,0.42093262817031024,74
2.4.1.mp4,25220,0.3510934213575508,70
2.4.1.mp4,25280,0.44581189744307526,70
2.4.1.mp4,25340,0.4627350254150395,69
2.4.1.mp4,25400,0.350343628012418,77
2.4.1.mp4,25460,0.4570704212890485,75
2.4.1.mp4,25520,0.37635626196861266,70
2.4.1.mp4,25580,0.37245552259348874,70
2.4.1.mp4,25640,0.4014303612249036,69
2.4.1.mp4,25700,0.46727919140560686,69
2.4.1.mp4,25760,0.36512884992950617,67
2.4.1.mp4,25820,0.3209397059227336,72
2.4.1.mp4,25880,0.3337563037295157,72
2.4.1.mp4,25940,0.3509520944256413,72
2.4.1.mp4,26000,0.3124306672380293,73
2.4.1.mp4,26060,0.35615987073145555,74
2.4.1.mp4,26120,0.4108138769774491,74
2.4.1.mp4,26180,0.3572826962280151,73
2.4.1.mp4,26240,0.3655931327513018,72
2.4.1.mp4,26300,0.3894913286085416,69
2.4.1.mp4,26360,0.3352798455056877,73
2.4.1.mp4,26420,0.33947603937515336,74
2.4.1.mp4,26480,0.3901395619410722,74
2.4.1.mp4,26540,0.43392641982382596,73
2.4.1.mp4,26600,0.40607460083473207,70
2.4.1.mp4,26660,0.37637254160408584,78
2.4.1.mp4,26720,0.39367187226650446,73
2.4.1.mp4,26780,0.3843164124501575,76
2.4.1.mp4,26840,0.3221796489874455,74
2.4.1.mp4,26900,0.3416420606679847,72
2.4.1.mp4,26960,0.40923906756845646,73
2.4.1.mp4,27020,0.41512192820664495,78
2.4.1.mp4,27080,0.35029742918375534,76
2.4.1.mp4,27140,0.3527068777785947,75
2.4.1.mp4,27200,0.2875839955545962,75
2.4.1.mp4,27260,0.3287471641991426,67
2.4.1.mp4,27320,0.3534024895098379,77
2.4.1.mp4,27380,0.3678325837623183,77
2.4.1.mp4,27440,0.23105762993312767,74
2.4.1.mp4,27500,0.45913784608627095,68
2.4.1.mp4,27560,0.27259105728007854,70
2.4.1.mp4,27620,0.3178077808614554,70
2.4.1.mp4,27680,0.2155433535410015,74
2.4.1.mp4,27740,0.28269752894515454,73
2.4.1.mp4,27800,0.27833069760424517,71
2.4.1.mp4,27860,0.25355600094269604,74
2.4.1.mp4,27920,0.19921903039906047,74
2.4.1.mp4,27980,0.3960597591769571,75
2.4.1.mp4,28040,0.364531203103083,69
2.4.1.mp4,28100,0.21507313655133153,72
2.4.1.mp4,28160,0.2328373611049905,75
2.4.1.mp4,28220,0.3566043313786194,77
2.4.1.mp4,28280,0.42675907547984804,70
2.4.1.mp4,28340,0.36130660401708253,73
2.4.1.mp4,28400,0.3694563707694003,73
2.4.1.mp4,28460,0.3534541622227423,74
2.4.1.mp4,28520,0.2705764871396052,78
2.4.1.mp4,28580,0.37328623884512735,75
2.4.1.mp4,28640,0.3387406947001917,73
2.4.1.mp4,28700,0.3044163176266808,73
2.4.1.mp4,28760,0.327129062730819,74
2.4.1.mp4,28820,0.2553815595359386,72
2.4.1.mp4,28880,0.31088618371732435,77
2.4.1.mp4,28940,0.3579924648740526,67
2.4.1.mp4,29000,0.3820782705065008,77
2.4.1.mp4,29060,0.3518684381072633,76
2.4.1.mp4,29120,0.28227950452128425,73
2.4.1.mp4,29180,0.2839705709657456,76
2.4.1.mp4,29240,0.3067949662265712,74
2.4.1.mp4,29300,0.4565522937462791,75
2.4.1.mp4,29360,0.3135766831465945,72
2.4.1.mp4,29420,0.36740054782818665,78
2.4.1.mp4,29480,0.38584809563382383,78
2.4.1.mp4,29540,0.3745572225196992,74
2.4.1.mp4,29600,0.332105373951296,76
2.4.1.mp4,29660,0.3644385737492345,78
2.4.1.mp4,29720,0.32866752685482714,76
2.4.1.mp4,29780,0.3188244438004823,78
2.4.1.mp4,29840,0.28292263622695046,77
2.4.1.mp4,29900,0.29836775060755677,74
2.4.1.mp4,29960,0.19941127977922166,76
2.4.1.mp4,30020,0.22215988488246996,75
2.4.1.mp4,30080,0.16695491854821937,74
2.4.1.mp4,30140,0.4252201559919692,76
2.4.1.mp4,30200,0.3754052646228508,73
2.4.1.mp4,30260,0.36316737856294723,72
2.4.1.mp4,30320,0.3446352047268564,71
2.4.1.mp4,30380,0.34030420539415324,71
2.4.1.mp4,30440,0.32756194478746403,76
2.4.1.mp4,30500,0.44521687937002363,71
2.4.1.mp4,30560,0.3222057124899168,70
2.4.1.mp4,30620,0.3264403417004808,73
2.4.1.mp4,30680,0.32914697937875254,71
2.4.1.mp4,30740,0.31671915686068436,76
2.4.1.mp4,30800,0.30515398211738937,74
2.4.1.mp4,30860,0.3132532161153368,73
2.4.1.mp4,30920,0.32231595484814274,71
2.4.1.mp4,30980,0.3670670159312116,75
2.4.1.mp4,31040,0.27772352509403037,71
2.4.1.mp4,31100,0.30888448073922004,74
2.4.1.mp4,31160,0.27490969239012664,72
2.4.1.mp4,31220,0.24622621111374235,68
2.4.1.mp4,31280,0.31675917353481053,76
2.4.1.mp4,31340,0.33183302838320694,76
2.4.1.mp4,31400,0.37495214420071404,70
2.4.1.mp4,31460,0.43023768277715946,73
2.4.1.mp4,31520,0.3561947748706582,68
2.4.1.mp4,31580,0.3371128871494875,72
2.4.1.mp4,31640,0.23711339107437715,75
2.4.1.mp4,31700,0.2814857461283503,74
2.4.1.mp4,31760,0.24535840641423737,71
2.4.1.mp4,31820,0.36342752769497955,71
2.4.1.mp4,31880,0.49774155110656604,74
2.4.1.mp4,31940,0.3534515753787543,71
2.4.1.mp4,32000,0.37638123535861573,75
2.4.1.mp4,32060,0.2910581034427481,70
2.4.1.mp4,32120,0.23840142776009063,72
2.4.1.mp4,32180,0.36413019721577355,72
2.4.1.mp4,32240,0.6085479305995825,77
2.4.1.mp4,32300,0.5887619363813018,72
2.4.1.mp4,32360,0.3912650911952369,72
2.4.1.mp4,32420,0.40892201593171246,73
2.4.1.mp4,32480,0.2797988662674307,68
2.4.1.mp4,32540,0.4979971652485531,74
2.4.1.mp4,32600,0.3883408201577635,69
2.4.1.mp4,32660,0.23207927199391026,76
2.4.1.mp4,32720,0.4346200080014144,75
2.4.1.mp4,32780,0.5459198016765622,75
2.4.1.mp4,32840,0.4622436510132892,72
2.4.1.mp4,32900,0.48953366470690624,73
2.4.1.mp4,32960,0.41376061657522345,71
2.4.1.mp4,33020,0.34629951683447174,73
2.4.1.mp4,33080,0.35723971820530026,68
2.4.1.mp4,33140,0.381970548746504,73
2.4.1.mp4,33200,0.26347684059795495,74
2.4.1.mp4,33260,0.2824806065370762,72
2.4.1.mp4,33320,0.30138194647434197,67
2.4.1.mp4,33380,0.334952308718736,73
2.4.1.mp4,33440,0.41854595392614496,71
2.4.1.mp4,33500,0.37742954538656964,72
2.4.1.mp4,33560,0.3069156798775241,73
2.4.1.mp4,33620,0.3001838208238284,75
2.4.1.mp4,33680,0.3860647794417319,78
2.4.1.mp4,33740,0.40508548141385997,73
2.4.1.mp4,33800,0.34752682752212066,71
2.4.1.mp4,33860,0.35020878635730374,70
2.4.1.mp4,33920,0.34122264015281367,73
2.4.1.mp4,33980,0.36936127923970186,74
2.4.1.mp4,34040,0.3870308313021207,73
2.4.1.mp4,34100,0.3626792778301075,72
2.4.1.mp4,34160,0.39950209009860244,71
2.4.1.mp4,34220,0.3490705496802305,76
2.4.1.mp4,34280,0.2485992277910312,76
2.4.1.mp4,34340,0.2982799223795559,73
2.4.1.mp4,34400,0.18223682955287818,72
2.4.1.mp4,34460,0.31847646517985284,74
2.4.1.mp4,34520,0.45816714502576317,80
2.4.1.mp4,34580,0.4506363225236003,70
2.4.1.mp4,34640,0.25910718760946216,68
2.4.1.mp4,34700,0.32644905174556943,75
2.4.1.mp4,34760,0.4759768795007553,73
2.4.1.mp4,34820,0.4362605978118105,74
2.4.1.mp4,34880,0.4258369443486082,78
2.4.1.mp4,34940,0.6294541557912122,77
2.4.1.mp4,35000,0.47103101241794465,76
2.4.1.mp4,35060,0.3954527157966604,77
2.4.1.mp4,35120,0.3961726712564436,78
2.4.1.mp4,35180,0.2606137255741585,76
2.4.1.mp4,35240,0.30385490393886966,75
2.4.1.mp4,35300,0.5070245840171402,74
2.4.1.mp4,35360,0.5139033620959769,76
2.4.1.mp4,35420,0.5053357212125679,76
2.4.1.mp4,35480,0.543400123700433,71
2.4.1.mp4,35540,0.35885797688123683,78
2.4.1.mp4,35600,0.3419467716735588,72
2.4.1.mp4,35660,0.3730683292896073,73
2.4.1.mp4,35720,0.37310197140425316,77
2.4.1.mp4,35780,0.3877004269463639,78
2.4.1.mp4,35840,0.4672260203962931,79
2.4.1.mp4,35900,0.37401110293974754,77
2.4.1.mp4,35960,0.29839836958500027,74
2.4.1.mp4,36020,0.4717956026296107,78
2.4.1.mp4,36080,0.38418491501483676,77
2.4.1.mp4,36140,0.2911097803897702,78
2.4.1.mp4,36200,0.37384940168644915,74
2.4.1.mp4,36260,0.30334322799333474,73
2.4.1.mp4,36320,0.28415810309328465,75
2.4.1.mp4,36380,0.27598272453025474,76
2.4.1.mp4,36440,0.4395021675047342,77
2.4.1.mp4,36500,0.4446723174289019,74
2.4.1.mp4,36560,0.36402359834123077,69
2.4.1.mp4,36620,0.3808466699133844,73
2.4.1.mp4,36680,0.304076531494502,72
2.4.1.mp4,36740,0.24853358931270325,72
2.4.1.mp4,36800,0.23236540041398257,69
2.4.1.mp4,36860,0.302578187834216,72
2.4.1.mp4,36920,0.37546508875564777,69
2.4.1.mp4,36980,0.34867839299957454,78
2.4.1.mp4,37040,0.34024217380902955,74
2.4.1.mp4,37100,0.2868777589614478,74
2.4.1.mp4,37160,0.36511218523390226,72
2.4.1.mp4,37220,0.3034743462332109,74
2.4.1.mp4,37280,0.26344555432736644,74
2.4.1.mp4,37340,0.26116093501332216,72
2.4.1.mp4,37400,0.6206326093494844,78
2.4.1.mp4,37460,0.4994933366303003,70
2.4.1.mp4,37520,0.31056609359173404,74
2.4.1.mp4,37580,0.31943061612610235,73
2.4.1.mp4,37640,0.4794997005282264,76
2.4.1.mp4,37700,0.4614508971993717,70
2.4.1.mp4,37760,0.5182362648805505,76
2.4.1.mp4,37820,0.35936194706659813,77
2.4.1.mp4,37880,0.35819351084258716,72
2.4.1.mp4,37940,0.23627009863873394,71
2.4.1.mp4,38000,0.322646928372214,74
2.4.1.mp4,38060,0.40634889479675523,73
2.4.1.mp4,38120,0.2068371045170352,77
2.4.1.mp4,38180,0.32796922462308997,77
2.4.1.mp4,38240,0.5833991485578978,76
2.4.1.mp4,38300,0.6207498899723093,76
2.4.1.mp4,38360,0.5062405988742524,77
2.4.1.mp4,38420,0.5644603168674379,80
2.4.1.mp4,38480,0.14654217695843585,73
2.4.1.mp4,38540,0.1919862481632403,79
2.4.1.mp4,38600,0.21862936814392164,76
2.4.1.mp4,38660,0.18406815427404485,78
3.1.3.mp4,20,0.5486210114457969,86
3.1.3.mp4,80,0.29430275367538833,82
3.1.3.mp4,140,0.38860572259291076,80
3.1.3.mp4,200,0.33517179995063034,85
3.1.3.mp4,260,0.5003067137302077,84
3.1.3.mp4,320,0.4633128240005005,84
3.1.3.mp4,380,0.41629348262601223,78
3.1.3.mp4,440,0.3128946827889261,82
3.1.3.mp4,500,0.4295260146518339,83
3.1.3.mp4,560,0.479247255412497,80
3.1.3.mp4,620,0.40669723959049076,83
3.1.3.mp4,680,0.45911025148953366,85
3.1.3.mp4,740,0.5023010951825922,83
3.1.3.mp4,800,0.343122316159331,81
3.1.3.mp4,860,0.5667695252015532,84
3.1.3.mp4,920,0.48554039833906254,82
3.1.3.mp4,980,0.5727026429425656,83
3.1.3.mp4,1040,0.36503645844899024,79
3.1.3.mp4,1100,0.3206132398918271,80
3.1.3.mp4,1160,0.2377185738609674,78
3.1.3.mp4,1220,0.36998009690168226,77
3.1.3.mp4,1280,0.43697552528891076,82
3.1.3.mp4,1340,0.31644919055727233,84
3.1.3.mp4,1400,0.5370466357980592,78
3.1.3.mp4,1460,0.5149104107113089,80
3.1.3.mp4,1520,0.3215153782547992,81
3.1.3.mp4,1580,0.47542658161440093,82
3.1.3.mp4,1640,0.23644309178198455,81
3.1.3.mp4,1700,0.19369001951035666,80
3.1.3.mp4,1760,0.4204845416664428,78
3.1.3.mp4,1820,0.4709521738041974,81
3.1.3.mp4,1880,0.28751498761121186,81
3.1.3.mp4,1940,0.5106665223888681,78
3.1.3.mp4,2000,0.42061033813306725,79
3.1.3.mp4,2060,0.5055525637493702,80
3.1.3.mp4,2120,0.536179479398446,76
3.1.3.mp4,2180,0.4875749612677818,78
3.1.3.mp4,2240,0.42060370731633157,76
3.1.3.mp4,2300,0.4437516988517018,80
3.1.3.mp4,2360,0.40228458178094834,76
3.1.3.mp4,2420,0.5006519016707898,80
3.1.3.mp4,2480,0.3917088206643749,73
3.1.3.mp4,2540,0.4820398297190336,79
3.1.3.mp4,2600,0.4150330947058347,79
3.1.3.mp4,2660,0.45575727980172676,78
3.1.3.mp4,2720,0.45233182643711145,80
3.1.3.mp4,2780,0.4362184489467151,77
3.1.3.mp4,2840,0.4606678576316111,81
3.1.3.mp4,2900,0.44563921704546466,79
3.1.3.mp4,2960,0.4088713621803194,79
3.1.3.mp4,3020,0.46802603363329054,78
3.1.3.mp4,3080,0.47313631500132236,72
3.1.3.mp4,3140,0.546095165838881,72
3.1.3.mp4,3200,0.48795274042754205,77
3.1.3.mp4,3260,0.39334582282194436,79
3.1.3.mp4,3320,0.4127629218675511,72
3.1.3.mp4,3380,0.3814765561633976,80
3.1.3.mp4,3440,0.44472715109223865,77
3.1.3.mp4,3500,0.4563807669747621,76
3.1.3.mp4,3560,0.4749361032182706,73
3.1.3.mp4,3620,0.427765009908251,74
3.1.3.mp4,3680,0.44922518134668965,78
3.1.3.mp4,3740,0.40709351846434844,78
3.1.3.mp4,3800,0.450694358384527,78
3.1.3.mp4,3860,0.5127643583512026,81
3.1.3.mp4,3920,0.3846696430144374,72
3.1.3.mp4,3980,0.2701228161011106,78
3.1.3.mp4,4040,0.2527062069566455,80
3.1.3.mp4,4100,0.29232058589257404,74
3.1.3.mp4,4160,0.20090121964580918,76
3.1.3.mp4,4220,0.3728407144282634,76
3.1.3.mp4,4280,0.5957775364324334,80
3.1.3.mp4,4340,0.47564983056858184,75
3.1.3.mp4,4400,0.3129651074533362,83
3.1.3.mp4,4460,0.36125683409866327,79
3.1.3.mp4,4520,0.5835838905565848,80
3.1.3.mp4,4580,0.30823391711954984,73
3.1.3.mp4,4640,0.22082898890083605,75
3.1.3.mp4,4700,0.5276357532129623,78
3.1.3.mp4,4760,0.2760503336709614,79
3.1.3.mp4,4820,0.3776191189654128,81
3.1.3.mp4,4880,0.3826615198138111,79
3.1.3.mp4,4940,0.21832010065595633,71
3.1.3.mp4,5000,0.3370226147243132,77
3.1.3.mp4,5060,0.3091470370045266,80
3.1.3.mp4,5120,0.46870031693908504,78
3.1.3.mp4,5180,0.4374755714513437,74
3.1.3.mp4,5240,0.5397504568099976,81
3.1.3.mp4,5300,0.4892077453616665,73
3.1.3.mp4,5360,0.23263598381737738,76
3.1.3.mp4,5420,0.16147783702566615,76
3.1.3.mp4,5480,0.22968965118420065,77
3.1.3.mp4,5540,0.2550671396808078,76
3.1.3.mp4,5600,0.2585728300566023,78
3.1.3.mp4,5660,0.360588256046564,73
3.1.3.mp4,5720,0.5078308936964431,78
3.1.3.mp4,5780,0.4771182516922376,73
3.1.3.mp4,5840,0.5395610469826756,72
3.1.3.mp4,5900,0.5281346814303348,76
3.1.3.mp4,5960,0.34343203489043855,79
3.1.3.mp4,6020,0.4198758807518364,74
3.1.3.mp4,6080,0.5468805827043176,78
3.1.3.mp4,6140,0.588477762001089,79
3.1.3.mp4,6200,0.5595720105850125,75
3.1.3.mp4,6260,0.44821296832297874,74
3.1.3.mp4,6320,0.4115628966347625,76
3.1.3.mp4,6380,0.38280477929459533,81
3.1.3.mp4,6440,0.5381263166868971,76
3.1.3.mp4,6500,0.49493524462801136,76
3.1.3.mp4,6560,0.5295314086572034,80
3.1.3.mp4,6620,0.5832218146618438,79
3.1.3.mp4,6680,0.5954845316588034,80
3.1.3.mp4,6740,0.5155806570223326,74
3.1.3.mp4,6800,0.4250889665637295,77
3.1.3.mp4,6860,0.46529504886004014,76
3.1.3.mp4,6920,0.6210610019086957,70
3.1.3.mp4,6980,0.5894467118540516,72
3.1.3.mp4,7040,0.48603680261334226,74
3.1.3.mp4,7100,0.42935613765691716,75
3.1.3.mp4,7160,0.4338598969431284,73
3.1.3.mp4,7220,0.3920975981090008,72
3.1.3.mp4,7280,0.5485167141855896,75
3.1.3.mp4,7340,0.5161509345219072,77
3.1.3.mp4,7400,0.49924644913657434,70
3.1.3.mp4,7460,0.39947726111859083,71
3.1.3.mp4,7520,0.4414142115872468,74
3.1.3.mp4,7580,0.42903414584735644,72
3.1.3.mp4,7640,0.5200718010687647,74
3.1.3.mp4,7700,0.3645604565226926,75
3.1.3.mp4,7760,0.35718829109257944,75
3.1.3.mp4,7820,0.42037357984920837,74
3.1.3.mp4,7880,0.4337050906615332,76
3.1.3.mp4,7940,0.5144133022321122,71
3.1.3.mp4,8000,0.414445583318347,72
3.1.3.mp4,8060,0.41727482218035983,79
3.1.3.mp4,8120,0.3993819439721604,75
3.1.3.mp4,8180,0.3997626637725474,77
3.1.3.mp4,8240,0.4338652113754604,74
3.1.3.mp4,8300,0.42465712275006806,80
3.1.3.mp4,8360,0.46937515193339774,80
3.1.3.mp4,8420,0.6036924432081247,76
3.1.3.mp4,8480,0.5991043507274759,79
3.1.3.mp4,8540,0.5782084285536641,77
3.1.3.mp4,8600,0.5877095745535383,72
3.1.3.mp4,8660,0.4609011253580833,78
3.1.3.mp4,8720,0.5077355520766921,78
3.1.3.mp4,8780,0.44966709345288863,78
3.1.3.mp4,8840,0.39234294513650975,77
3.1.3.mp4,8900,0.3957824745705327,78
3.1.3.mp4,8960,0.3665685954837439,75
3.1.3.mp4,9020,0.4502243847661727,76
3.1.3.mp4,9080,0.47132058806406957,74
3.1.3.mp4,9140,0.33459002422392115,73
3.1.3.mp4,9200,0.47139012703279914,76
3.1.3.mp4,9260,0.4203676279852516,81
3.1.3.mp4,9320,0.421824294610384,77
3.1.3.mp4,9380,0.3824467388126854,77
3.1.3.mp4,9440,0.39830818815014885,73
3.1.3.mp4,9500,0.38587685689113144,77
3.1.3.mp4,9560,0.3693322537427532,72
3.1.3.mp4,9620,0.38700384746926525,75
3.1.3.mp4,9680,0.3377758934892668,81
3.1.3.mp4,9740,0.27480795397116853,77
3.1.3.mp4,9800,0.3880547108742207,75
3.1.3.mp4,9860,0.26999926249088385,73
3.1.3.mp4,9920,0.48596259176729634,79
3.1.3.mp4,9980,0.29030321690534505,78
3.1.3.mp4,10040,0.19000891108393064,76
3.1.3.mp4,10100,0.2763049111375507,75
3.1.3.mp4,10160,0.39464916569724057,76
3.1.3.mp4,10220,0.1716845776160731,79
3.1.3.mp4,10280,0.22647116314849736,85
3.1.3.mp4,10340,0.4974646114897502,80
3.1.3.mp4,10400,0.5221032745112884,82
3.1.3.mp4,10460,0.3530225231286324,78
3.1.3.mp4,10520,0.4540399747023072,79
3.1.3.mp4,10580,0.4431552416618184,76
3.1.3.mp4,10640,0.43220492333639415,80
3.1.3.mp4,10700,0.53799579215236,75
3.1.3.mp4,10760,0.521906110967393,78
3.1.3.mp4,10820,0.32674918146740184,74
3.1.3.mp4,10880,0.5955488785954688,78
3.1.3.mp4,10940,0.4457904030155019,78
3.1.3.mp4,11000,0.4340305125686876,74
3.1.3.mp4,11060,0.4264275257073802,74
3.1.3.mp4,11120,0.3368064418441224,76
3.1.3.mp4,11180,0.3808192893032085,74
3.1.3.mp4,11240,0.3308294192954366,71
3.1.3.mp4,11300,0.26068463871917247,76
3.1.3.mp4,11360,0.293177736725222,74
3.1.3.mp4,11420,0.2927751337679533,78
3.1.3.mp4,11480,0.3210829155131288,75
3.1.3.mp4,11540,0.1810894180592653,74
3.1.3.mp4,11600,0.3801819267132118,75
3.1.3.mp4,11660,0.30013090452969965,73
3.1.3.mp4,11720,0.4217444427625893,78
3.1.3.mp4,11780,0.3092710791664247,78
3.1.3.mp4,11840,0.29479373309923657,77
3.1.3.mp4,11900,0.2501488025583377,75
3.1.3.mp4,11960,0.49086802602256974,74
3.1.3.mp4,12020,0.4604554390711145,69
3.1.3.mp4,12080,0.24797040777694848,73
3.1.3.mp4,12140,0.18118353516739957,70
3.1.3.mp4,12200,0.1712142839084526,75
3.1.3.mp4,12260,0.2652341581334541,75
3.1.3.mp4,12320,0.33629878041554345,75
3.1.3.mp4,12380,0.4661447373085788,73
3.1.3.mp4,12440,0.36494772162316647,67
3.1.3.mp4,12500,0.5656655874744347,78
3.1.3.mp4,12560,0.467151756985113,76
3.1.3.mp4,12620,0.5231287712037253,74
3.1.3.mp4,12680,0.45167041547812886,73
3.1.3.mp4,12740,0.4282905133376891,68
3.1.3.mp4,12800,0.46209442397036277,77
3.1.3.mp4,12860,0.5219603342233927,77
3.1.3.mp4,12920,0.42570074834248484,75
3.1.3.mp4,12980,0.4578683912092685,70
3.1.3.mp4,13040,0.5017477507403975,72
3.1.3.mp4,13100,0.5269556579927743,71
3.1.3.mp4,13160,0.4395728410305015,75
3.1.3.mp4,13220,0.41290811113747944,79
3.1.3.mp4,13280,0.39546186147919415,78
3.1.3.mp4,13340,0.4853800135742252,78
3.1.3.mp4,13400,0.33487008265180823,76
3.1.3.mp4,13460,0.5365941860052846,75
3.1.3.mp4,13520,0.42063585474776727,79
3.1.3.mp4,13580,0.2946132129913017,75
3.1.3.mp4,13640,0.3894948080430428,75
3.1.3.mp4,13700,0.4125785614612202,77
3.1.3.mp4,13760,0.25898242756051737,74
3.1.3.mp4,13820,0.37334697566823,74
3.1.3.mp4,13880,0.3011846999397191,77
3.1.3.mp4,13940,0.301586172476943,77
3.1.3.mp4,14000,0.2686328407243052,79
3.1.3.mp4,14060,0.5253323635328203,78
3.1.3.mp4,14120,0.28502977224819076,79
3.1.3.mp4,14180,0.2520842015854752,74
3.1.3.mp4,14240,0.34603184664848485,76
3.1.3.mp4,14300,0.2999804971144311,80
3.1.3.mp4,14360,0.25181011110008084,76
3.1.3.mp4,14420,0.2330251747618119,78
3.1.3.mp4,14480,0.24175928893158483,75
3.1.3.mp4,14540,0.2545867393826683,73
3.1.3.mp4,14600,0.21507612439310902,78
3.1.3.mp4,14660,0.21608284301409084,73
3.1.3.mp4,14720,0.23359958820337606,74
3.1.3.mp4,14780,0.25881759030744433,75
3.1.3.mp4,14840,0.21379936402305388,79
3.1.3.mp4,14900,0.3508106873324141,75
3.1.3.mp4,14960,0.44096529039343796,73
3.1.3.mp4,15020,0.4904298650443606,73
3.1.3.mp4,15080,0.4148624950482642,75
3.1.3.mp4,15140,0.28954263174949657,78
3.1.3.mp4,15200,0.5479044593666913,75
3.1.3.mp4,15260,0.4676461110074023,77
3.1.3.mp4,15320,0.29255368173594626,72
3.1.3.mp4,15380,0.5911698523992434,79
3.1.3.mp4,15440,0.6006962482596208,78
3.1.3.mp4,15500,0.6324368678829878,76
3.1.3.mp4,15560,0.5043924624318039,78
3.1.3.mp4,15620,0.24295439879269673,78
3.1.3.mp4,15680,0.5999323927635009,77
3.1.3.mp4,15740,0.5941379852996518,76
3.1.3.mp4,15800,0.4835015563161245,72
3.1.3.mp4,15860,0.5160101384512688,77
3.1.3.mp4,15920,0.5881996345755474,73
3.1.3.mp4,15980,0.571375141422425,71
3.1.3.mp4,16040,0.5724438490925005,75
3.1.3.mp4,16100,0.5723165685416652,77
3.1.3.mp4,16160,0.45612600507498113,69
3.1.3.mp4,16220,0.5397564793483747,79
3.1.3.mp4,16280,0.483683206236959,74
3.1.3.mp4,16340,0.46836318660029014,72
3.1.3.mp4,16400,0.46993565976486673,73
3.1.3.mp4,16460,0.5915829370895057,77
3.1.3.mp4,16520,0.5211954111678283,75
3.1.3.mp4,16580,0.493234325019044,72
3.1.3.mp4,16640,0.5092103685622403,71
3.1.3.mp4,16700,0.42477979191865484,66
3.1.3.mp4,16760,0.4991370222881361,71
3.1.3.mp4,16820,0.44813003217099484,69
3.1.3.mp4,16880,0.4828048823189668,69
3.1.3.mp4,16940,0.4934042167585438,61
3.1.3.mp4,17000,0.4643983137470463,74
3.1.3.mp4,17060,0.38666680919097574,71
3.1.3.mp4,17120,0.4506328158743986,76
3.1.3.mp4,17180,0.5122309006479997,76
3.1.3.mp4,17240,0.4209085717868422,72
3.1.3.mp4,17300,0.509988716789163,67
3.1.3.mp4,17360,0.5226504170421091,72
3.1.3.mp4,17420,0.4001028378441615,71
3.1.3.mp4,17480,0.4077200729967239,73
3.1.3.mp4,17540,0.47386391677738476,78
3.1.3.mp4,17600,0.5808586626479478,75
3.1.3.mp4,17660,0.4772852265142969,73
3.1.3.mp4,17720,0.4369164357326614,77
3.1.3.mp4,17780,0.501101454909076,72
3.1.3.mp4,17840,0.5094526167296054,73
3.1.3.mp4,17900,0.5008981812013579,71
3.1.3.mp4,17960,0.502041634373756,73
3.1.3.mp4,18020,0.49689806305789663,72
3.1.3.mp4,18080,0.48668769661851813,77
3.1.3.mp4,18140,0.5238639685181518,69
3.1.3.mp4,18200,0.4630021850522886,69
3.1.3.mp4,18260,0.4477384494401623,70
3.1.3.mp4,18320,0.5016619892012386,66
3.1.3.mp4,18380,0.4469551017259558,76
3.1.3.mp4,18440,0.5106252152603906,74
3.1.3.mp4,18500,0.48916997952029057,71
3.1.3.mp4,18560,0.47431585505289736,71
3.1.3.mp4,18620,0.5241120492460646,73
3.1.3.mp4,18680,0.49187149216376297,74
3.1.3.mp4,18740,0.4847169241647383,76
3.1.3.mp4,18800,0.44433776385516727,73
3.1.3.mp4,18860,0.4948843987921363,73
3.1.3.mp4,18920,0.48453699557674706,72
3.1.3.mp4,18980,0.4735512576827949,66
3.1.3.mp4,19040,0.462176987712366,71
3.1.3.mp4,19100,0.44407121857975784,71
3.1.3.mp4,19160,0.4633110665603858,72
3.1.3.mp4,19220,0.6011431185809308,74
3.1.3.mp4,19280,0.4658402864556961,74
3.1.3.mp4,19340,0.5215648658242418,73
3.1.3.mp4,19400,0.48707868796875975,71
3.1.3.mp4,19460,0.4248878322807806,73
3.1.3.mp4,19520,0.39084179408136677,73
3.1.3.mp4,19580,0.5529652673312099,74
3.1.3.mp4,19640,0.4895734504478363,75
3.1.3.mp4,19700,0.44972943366904344,73
3.1.3.mp4,19760,0.5472190952597474,74
3.1.3.mp4,19820,0.5231311979975241,74
3.1.3.mp4,19880,0.4887820549088896,72
3.1.3.mp4,19940,0.39481563029223926,73
3.1.3.mp4,20000,0.37671469837765803,78
3.1.3.mp4,20060,0.3773680599825457,75
3.1.3.mp4,20120,0.29104288395549366,76
3.1.3.mp4,20180,0.3888047072903386,70
3.1.3.mp4,20240,0.33332980870832934,77
3.1.3.mp4,20300,0.3080090826034494,74
3.1.3.mp4,20360,0.2784342156443745,75
3.1.3.mp4,20420,0.2597104486776516,72
3.1.3.mp4,20480,0.19083246969474624,66
3.1.3.mp4,20540,0.22125068155504335,75
3.1.3.mp4,20600,0.3396226272242003,76
3.1.3.mp4,20660,0.2589910866163212,73
3.1.3.mp4,20720,0.29659876046898714,81
3.1.3.mp4,20780,0.4325588868358298,74
3.1.3.mp4,20840,0.26268838869076067,74
3.1.3.mp4,20900,0.4494940460213578,72
3.1.3.mp4,20960,0.3768970775700462,69
3.1.3.mp4,21020,0.23261729145297963,73
3.1.3.mp4,21080,0.5477213234392305,75
3.1.3.mp4,21140,0.27982539673374124,74
3.1.3.mp4,21200,0.386828779702467,77
3.1.3.mp4,21260,0.4204923014181691,76
3.1.3.mp4,21320,0.45046442416625926,73
3.1.3.mp4,21380,0.4483734368617219,75
3.1.3.mp4,21440,0.4463353552888813,71
3.1.3.mp4,21500,0.4779751644209436,75
3.1.3.mp4,21560,0.48019170551879764,75
3.1.3.mp4,21620,0.4887694560625739,71
3.1.3.mp4,21680,0.41379054003992854,69
3.1.3.mp4,21740,0.38378956294342825,77
3.1.3.mp4,21800,0.5438866285556098,78
3.1.3.mp4,21860,0.6138073650818581,79
3.1.3.mp4,21920,0.5377797486273468,72
3.1.3.mp4,21980,0.5018234898588199,73
3.1.3.mp4,22040,0.5159236834357109,71
3.1.3.mp4,22100,0.5416715869631396,69
3.1.3.mp4,22160,0.5149184097269816,73
3.1.3.mp4,22220,0.4959764438972343,75
3.1.3.mp4,22280,0.5254281415151152,76
3.1.3.mp4,22340,0.4675570315319217,73
3.1.3.mp4,22400,0.4482227649805801,72
3.1.3.mp4,22460,0.29124371010259215,71
3.1.3.mp4,22520,0.39036319861430435,78
3.1.3.mp4,22580,0.4287503644001561,77
3.1.3.mp4,22640,0.38128650503233075,75
3.1.3.mp4,22700,0.34653886855094596,79
3.1.3.mp4,22760,0.3429890709114261,75
3.1.3.mp4,22820,0.35436064487144553,73
3.1.3.mp4,22880,0.30948178655671654,72
3.1.3.mp4,22940,0.3053315202299242,77
3.1.3.mp4,23000,0.4414332019357086,74
3.1.3.mp4,23060,0.34779490546222674,74
3.1.3.mp4,23120,0.38578505406466623,75
3.1.3.mp4,23180,0.16409410716034473,77
3.1.3.mp4,23240,0.1944195975561459,78
3.1.3.mp4,23300,0.2678505650255829,70
3.1.3.mp4,23360,0.21498057855244138,76
3.1.3.mp4,23420,0.40254004399616244,75
3.1.3.mp4,23480,0.35022189074477766,76
3.1.3.mp4,23540,0.30813138351370817,73
3.1.3.mp4,23600,0.4092252603460676,76
3.1.3.mp4,23660,0.33288106899375897,72
3.1.3.mp4,23720,0.36635904827668075,71
3.1.3.mp4,23780,0.5081597219234228,73
3.1.3.mp4,23840,0.4521807163663499,77
3.1.3.mp4,23900,0.49790830779159945,74
3.1.3.mp4,23960,0.4972086644938058,72
3.1.3.mp4,24020,0.49726362357272164,69
3.1.3.mp4,24080,0.4669959019639925,74
3.1.3.mp4,24140,0.43446822149497977,76
3.1.3.mp4,24200,0.5122811425842244,76
3.1.3.mp4,24260,0.4735401750143085,74
3.1.3.mp4,24320,0.3561477615887216,71
3.1.3.mp4,24380,0.3548564541688136,73
3.1.3.mp4,24440,0.2808635333502408,78
3.1.3.mp4,24500,0.20214795368986252,78
3.1.3.mp4,24560,0.21282514040295436,76
3.1.3.mp4,24620,0.18939249102425362,70
3.1.3.mp4,24680,0.17716492717875099,66
3.1.3.mp4,24740,0.20648354667399405,66
3.1.3.mp4,24800,0.28366206719175346,73
3.1.3.mp4,24860,0.23721644398596853,74
3.1.3.mp4,24920,0.4212151603907688,72
3.1.3.mp4,24980,0.5016472161785789,73
3.1.3.mp4,25040,0.4213206759551923,73
3.1.3.mp4,25100,0.3603608641114279,77
3.1.3.mp4,25160,0.30388379653940273,78
3.1.3.mp4,25220,0.2471746285151266,80
3.1.3.mp4,25280,0.289229282419657,80
3.1.3.mp4,25340,0.5177374887485042,77
3.1.3.mp4,25400,0.2686687487386761,70
3.1.3.mp4,25460,0.2177349809175616,73
3.1.3.mp4,25520,0.20787715450421893,69
3.1.3.mp4,25580,0.22463035431369585,74
3.1.3.mp4,25640,0.28871130527482486,74
3.1.3.mp4,25700,0.3315460420827466,79
3.1.3.mp4,25760,0.4460179127162943,77
3.1.3.mp4,25820,0.22415529749455995,72
3.1.3.mp4,25880,0.30795465886883905,75
3.1.3.mp4,25940,0.33992537244258425,80
3.1.3.mp4,26000,0.21286112246804345,78
3.1.3.mp4,26060,0.16242081872808437,76
3.1.3.mp4,26120,0.14640867470092522,69
3.1.3.mp4,26180,0.18306257190104103,73
3.1.3.mp4,26240,0.2391658624548725,79
3.1.3.mp4,26300,0.32197621708735824,75
3.1.3.mp4,26360,0.3494551866189451,75
3.1.3.mp4,26420,0.5392608983137567,76
3.1.3.mp4,26480,0.4832425782098309,78
3.1.3.mp4,26540,0.5024182080233004,81
3.1.3.mp4,26600,0.4880198549603422,77
3.1.3.mp4,26660,0.511330622307379,73
3.1.3.mp4,26720,0.482595010937286,71
3.1.3.mp4,26780,0.49414959210436793,76
3.1.3.mp4,26840,0.4685855007916689,75
3.1.3.mp4,26900,0.5624696268738868,72
3.1.3.mp4,26960,0.5675335538485465,75
3.1.3.mp4,27020,0.5911580432163916,74
3.1.3.mp4,27080,0.4267452051735496,73
3.1.3.mp4,27140,0.30608363732961674,70
3.1.3.mp4,27200,0.24294281524826625,77
3.1.3.mp4,27260,0.3508407903524737,77
3.1.3.mp4,27320,0.31373122958919136,75
3.1.3.mp4,27380,0.25757851435249907,75
3.1.3.mp4,27440,0.22872962593785762,68
3.1.3.mp4,27500,0.2499433552400984,74
3.1.3.mp4,27560,0.2995183775913832,68
3.1.3.mp4,27620,0.4414407769859215,70
3.1.3.mp4,27680,0.532138203154318,76
3.1.3.mp4,27740,0.3854409039709462,75
3.1.3.mp4,27800,0.2749658172400907,79
3.1.3.mp4,27860,0.32294529929276905,72
3.1.3.mp4,27920,0.2588771797184433,70
3.1.3.mp4,27980,0.2803163242326783,72
3.1.3.mp4,28040,0.2719022008052594,72
3.1.3.mp4,28100,0.3102143206272904,71
3.1.3.mp4,28160,0.42855697605639426,77
3.1.3.mp4,28220,0.4306850984704669,78
3.1.3.mp4,28280,0.38677553325967007,75
3.1.3.mp4,28340,0.45833517247303507,79
3.1.3.mp4,28400,0.5183827713229442,75
3.1.3.mp4,28460,0.41832626132708794,78
3.1.3.mp4,28520,0.29204653231003747,78
3.1.3.mp4,28580,0.5118469083167838,76
3.1.3.mp4,28640,0.3870185243625504,72
3.1.3.mp4,28700,0.4380796171060544,70
3.1.3.mp4,28760,0.5056382505540064,74
3.1.3.mp4,28820,0.5448619902568559,77
3.1.3.mp4,28880,0.3775576516516808,69
3.1.3.mp4,28940,0.4720417148904851,69
3.1.3.mp4,29000,0.5154798961889026,70
3.1.3.mp4,29060,0.5202768790803737,67
3.1.3.mp4,29120,0.4262664134422427,69
3.1.3.mp4,29180,0.4257855269809139,73
3.1.3.mp4,29240,0.4280818462785747,74
3.1.3.mp4,29300,0.4201963793429722,75
3.1.3.mp4,29360,0.5086224673070466,75
3.1.3.mp4,29420,0.32224498872113017,70
3.1.3.mp4,29480,0.3072904180687508,75
3.1.3.mp4,29540,0.2622190881003108,73
3.1.3.mp4,29600,0.3538549278475255,73
3.1.3.mp4,29660,0.41590247136499625,68
3.1.3.mp4,29720,0.37417084949346546,73
3.1.3.mp4,29780,0.4455929073068147,73
3.1.3.mp4,29840,0.4224855418108157,68
3.1.3.mp4,29900,0.4543578075577638,71
3.1.3.mp4,29960,0.5429290431864607,70
3.1.3.mp4,30020,0.5482048047807716,71
3.1.3.mp4,30080,0.5252071388672586,68
3.1.3.mp4,30140,0.47529813400071386,74
3.1.3.mp4,30200,0.4852846560278933,74
3.1.3.mp4,30260,0.4979959056014195,70
3.1.3.mp4,30320,0.5605484020726924,77
3.1.3.mp4,30380,0.48347957107104517,75
3.1.3.mp4,30440,0.3708892595084188,77
3.1.3.mp4,30500,0.3855186868717687,73
3.1.3.mp4,30560,0.355185328405478,76
3.1.3.mp4,30620,0.29690930919758485,77
3.1.3.mp4,30680,0.43641616601067096,79
3.1.3.mp4,30740,0.39230710976350475,75
3.1.3.mp4,30800,0.39336649203362567,76
3.1.3.mp4,30860,0.3755620721656467,73
3.1.3.mp4,30920,0.37109392673440583,73
3.1.3.mp4,30980,0.3083615232829634,71
3.1.3.mp4,31040,0.30237761765641913,73
3.1.3.mp4,31100,0.5496109225407567,78
3.1.3.mp4,31160,0.47055285416853926,76
3.1.3.mp4,31220,0.40737189365301646,71
3.1.3.mp4,31280,0.3613191845329249,75
3.1.3.mp4,31340,0.3097949585890476,71
3.1.3.mp4,31400,0.3161941573748158,73
3.1.3.mp4,31460,0.2911416432579115,72
3.1.3.mp4,31520,0.263499868874039,70
3.1.3.mp4,31580,0.2646737459928854,68
3.1.3.mp4,31640,0.5672115841817513,77
3.1.3.mp4,31700,0.5571852369995957,78
3.1.3.mp4,31760,0.5207710188124404,65
3.1.3.mp4,31820,0.3164582526027832,71
3.1.3.mp4,31880,0.2698700894803838,77
3.1.3.mp4,31940,0.27252896206492794,72
3.1.3.mp4,32000,0.27925048919860274,73
3.1.3.mp4,32060,0.23787431615800006,70
3.1.3.mp4,32120,0.261273127757268,76
3.1.3.mp4,32180,0.4888681598916977,78
3.1.3.mp4,32240,0.41571675031959515,72
3.1.3.mp4,32300,0.25690524134894505,70
3.1.3.mp4,32360,0.23066166968136612,73
3.1.3.mp4,32420,0.20276665251594092,71
3.1.3.mp4,32480,0.21396969428214316,66
3.1.3.mp4,32540,0.261652727148127,74
3.1.3.mp4,32600,0.26377307472806144,68
3.1.3.mp4,32660,0.26557315591882596,74
3.1.3.mp4,32720,0.23918565660894203,67
3.1.3.mp4,32780,0.24530604505606998,67
3.1.3.mp4,32840,0.24491012173102183,70
3.1.3.mp4,32900,0.2367170747553169,72
3.1.3.mp4,32960,0.4128365025290155,73
3.1.3.mp4,33020,0.43218354206858617,71
3.1.3.mp4,33080,0.3787150434218347,64
3.1.3.mp4,33140,0.3635218620824899,80
3.1.3.mp4,33200,0.46842567746036523,71
3.1.3.mp4,33260,0.42126038362582524,77
3.1.3.mp4,33320,0.5296149653038138,75
3.1.3.mp4,33380,0.47721613933115165,76
3.1.3.mp4,33440,0.41482433101897925,71
3.1.3.mp4,33500,0.41273399252398596,74
3.1.3.mp4,33560,0.3149304816911024,70
3.1.3.mp4,33620,0.3276659643512231,69
3.1.3.mp4,33680,0.37102609563316946,68
3.1.3.mp4,33740,0.46244865387622547,68
3.1.3.mp4,33800,0.383806339065447,67
3.1.3.mp4,33860,0.3053857884196036,69
3.1.3.mp4,33920,0.5561704018848462,74
3.1.3.mp4,33980,0.5100141466254184,72
3.1.3.mp4,34040,0.5275398953235708,71
3.1.3.mp4,34100,0.5560168068989046,71
3.1.3.mp4,34160,0.49071376965818647,68
3.1.3.mp4,34220,0.5117819152356775,72
3.1.3.mp4,34280,0.5068395789575708,70
3.1.3.mp4,34340,0.4817824621285711,71
3.1.3.mp4,34400,0.40799599038978096,72
3.1.3.mp4,34460,0.46483565048880077,72
3.1.3.mp4,34520,0.48068534846053174,70
3.1.3.mp4,34580,0.44314554925076666,73
3.1.3.mp4,34640,0.5913830430557331,73
3.1.3.mp4,34700,0.4101472291319321,73
3.1.3.mp4,34760,0.37550892519530904,71
3.1.3.mp4,34820,0.44164858881170704,74
3.1.3.mp4,34880,0.3872724254707512,77
3.1.3.mp4,34940,0.5021294559486896,76
3.1.3.mp4,35000,0.16814329772180803,74
3.1.3.mp4,35060,0.21655650696415893,68
6.3.9.mp4,20,0.486824606900059,84
6.3.9.mp4,80,0.2562781641477098,75
6.3.9.mp4,140,0.16588317291646065,79
6.3.9.mp4,200,0.20669327308991867,84
6.3.9.mp4,260,0.17057486107761535,79
6.3.9.mp4,320,0.14076697808635755,81
6.3.9.mp4,380,0.15735434752859873,81
6.3.9.mp4,440,0.5722150216215706,83
6.3.9.mp4,500,0.2792493850341998,80
6.3.9.mp4,560,0.23161536555760254,81
6.3.9.mp4,620,0.18684507106189374,81
6.3.9.mp4,680,0.45169358467108306,82
6.3.9.mp4,740,0.33108295694397516,84
6.3.9.mp4,800,0.2523650976288944,78
6.3.9.mp4,860,0.38650848864926957,80
6.3.9.mp4,920,0.3624761520943139,80
6.3.9.mp4,980,0.42385389271359414,79
6.3.9.mp4,1040,0.568840677726165,79
6.3.9.mp4,1100,0.500336787172568,76
6.3.9.mp4,1160,0.5361426227254333,77
6.3.9.mp4,1220,0.5504067111862431,77
6.3.9.mp4,1280,0.46414573064451164,80
6.3.9.mp4,1340,0.39920926764952364,82
6.3.9.mp4,1400,0.4455696817596334,78
6.3.9.mp4,1460,0.46549643337254554,74
6.3.9.mp4,1520,0.3817197246229252,78
6.3.9.mp4,1580,0.38406288229191726,78
6.3.9.mp4,1640,0.4087511009942645,78
6.3.9.mp4,1700,0.3171133076479563,78
6.3.9.mp4,1760,0.31116229303939363,78
6.3.9.mp4,1820,0.322559167623872,82
6.3.9.mp4,1880,0.3374899253142691,82
6.3.9.mp4,1940,0.3563050572187282,78
6.3.9.mp4,2000,0.3911286300767355,79
6.3.9.mp4,2060,0.39793010484136176,80
6.3.9.mp4,2120,0.45358234309463147,81
6.3.9.mp4,2180,0.42365851376253444,80
6.3.9.mp4,2240,0.40073423622245036,81
6.3.9.mp4,2300,0.25899852321554834,78
6.3.9.mp4,2360,0.347360392860719,80
6.3.9.mp4,2420,0.372620896929584,81
6.3.9.mp4,2480,0.40294955191292015,78
6.3.9.mp4,2540,0.3811536578555839,79
6.3.9.mp4,2600,0.36734144306517663,79
6.3.9.mp4,2660,0.3634361229395788,76
6.3.9.mp4,2720,0.44803977208089474,76
6.3.9.mp4,2780,0.4112203317156134,77
6.3.9.mp4,2840,0.508709456076144,79
6.3.9.mp4,2900,0.4404208280641255,79
6.3.9.mp4,2960,0.42338470450795285,78
6.3.9.mp4,3020,0.4008560753427446,81
6.3.9.mp4,3080,0.4507033178172755,79
6.3.9.mp4,3140,0.4127240250253587,76
6.3.9.mp4,3200,0.35930997234802825,84
6.3.9.mp4,3260,0.3747583615739131,80
6.3.9.mp4,3320,0.41905643037435686,77
6.3.9.mp4,3380,0.5142981442563896,79
6.3.9.mp4,3440,0.4180562104183165,79
6.3.9.mp4,3500,0.29146181712682956,74
6.3.9.mp4,3560,0.39815038186792706,79
6.3.9.mp4,3620,0.3707118994192196,78
6.3.9.mp4,3680,0.5019793840183411,80
6.3.9.mp4,3740,0.45978374332587074,82
6.3.9.mp4,3800,0.381545777992593,79
6.3.9.mp4,3860,0.44712291798065124,79
6.3.9.mp4,3920,0.40951013759905963,76
6.3.9.mp4,3980,0.40475515059906203,77
6.3.9.mp4,4040,0.29895722887654236,70
6.3.9.mp4,4100,0.2231019766343682,75
6.3.9.mp4,4160,0.28208806154668914,77
6.3.9.mp4,4220,0.301421189645062,78
6.3.9.mp4,4280,0.3774656738846955,76
6.3.9.mp4,4340,0.3747688843786585,78
6.3.9.mp4,4400,0.4154520454176236,77
6.3.9.mp4,4460,0.30645634626521717,80
6.3.9.mp4,4520,0.427161542649724,76
6.3.9.mp4,4580,0.49848016872155393,77
6.3.9.mp4,4640,0.47137688420858087,77
6.3.9.mp4,4700,0.5219116781221388,79
6.3.9.mp4,4760,0.5139285171549214,75
6.3.9.mp4,4820,0.4971351314743515,80
6.3.9.mp4,4880,0.5166856133038987,76
6.3.9.mp4,4940,0.48034437488776777,76
6.3.9.mp4,5000,0.4767308437048147,75
6.3.9.mp4,5060,0.4489775145025066,76
6.3.9.mp4,5120,0.38566119987646946,72
6.3.9.mp4,5180,0.23235068730818592,73
6.3.9.mp4,5240,0.4437685793874642,78
6.3.9.mp4,5300,0.49083367057949234,79
6.3.9.mp4,5360,0.4318486441705019,73
6.3.9.mp4,5420,0.3935206529512925,80
6.3.9.mp4,5480,0.4622381996208181,72
6.3.9.mp4,5540,0.4538181006709914,78
6.3.9.mp4,5600,0.37996639210960675,79
6.3.9.mp4,5660,0.3630634185132007,76
6.3.9.mp4,5720,0.4295842767997573,78
6.3.9.mp4,5780,0.31566777159926684,78
6.3.9.mp4,5840,0.33067506623266213,74
6.3.9.mp4,5900,0.46083778586819185,78
6.3.9.mp4,5960,0.42249199825164396,80
6.3.9.mp4,6020,0.44557441540295256,75
6.3.9.mp4,6080,0.41600708467721675,78
6.3.9.mp4,6140,0.4769183223960633,77
6.3.9.mp4,6200,0.49293477683066866,82
6.3.9.mp4,6260,0.4414157352392114,77
6.3.9.mp4,6320,0.435700607813211,80
6.3.9.mp4,6380,0.40909593878149936,72
6.3.9.mp4,6440,0.42292924131499604,76
6.3.9.mp4,6500,0.5617575935566014,77
6.3.9.mp4,6560,0.49083836258958197,73
6.3.9.mp4,6620,0.46926556834640604,76
6.3.9.mp4,6680,0.3923000203590695,78
6.3.9.mp4,6740,0.4425537983529891,76
6.3.9.mp4,6800,0.48464905147751175,75
6.3.9.mp4,6860,0.5033800395282164,73
6.3.9.mp4,6920,0.48296995300916024,80
6.3.9.mp4,6980,0.42893982064101455,76
6.3.9.mp4,7040,0.41713469774083184,78
6.3.9.mp4,7100,0.4095369448977304,81
6.3.9.mp4,7160,0.3390104849878923,83
6.3.9.mp4,7220,0.5019287575369724,81
6.3.9.mp4,7280,0.4016517865238711,77
6.3.9.mp4,7340,0.4947015529804048,80
6.3.9.mp4,7400,0.4121086273336078,74
6.3.9.mp4,7460,0.4282762206522777,80
6.3.9.mp4,7520,0.42965677266538604,73
6.3.9.mp4,7580,0.4272330921816413,78
6.3.9.mp4,7640,0.4202452562136674,76
6.3.9.mp4,7700,0.46960079946696665,79
6.3.9.mp4,7760,0.2831640968062048,75
6.3.9.mp4,7820,0.2726171577462657,76
6.3.9.mp4,7880,0.48442597328632986,78
6.3.9.mp4,7940,0.33926980751173863,83
6.3.9.mp4,8000,0.413751097075874,73
6.3.9.mp4,8060,0.3915477216564264,77
6.3.9.mp4,8120,0.4027537090671678,76
6.3.9.mp4,8180,0.38690325600940634,76
6.3.9.mp4,8240,0.35817558894843005,76
6.3.9.mp4,8300,0.395406808059134,74
6.3.9.mp4,8360,0.44354395281057807,75
6.3.9.mp4,8420,0.4414773463439714,72
6.3.9.mp4,8480,0.44995373947701106,75
6.3.9.mp4,8540,0.44498772918460383,74
6.3.9.mp4,8600,0.3872803548332052,75
6.3.9.mp4,8660,0.3697877211228319,74
6.3.9.mp4,8720,0.40974565980171684,76
6.3.9.mp4,8780,0.3841124834810519,73
6.3.9.mp4,8840,0.4264233455728941,74
6.3.9.mp4,8900,0.39818078423025016,79
6.3.9.mp4,8960,0.3675325208286931,74
6.3.9.mp4,9020,0.40958404471494364,71
6.3.9.mp4,9080,0.4673707268546877,80
6.3.9.mp4,9140,0.5290226286399561,78
6.3.9.mp4,9200,0.3899045895857664,77
6.3.9.mp4,9260,0.40551494276396144,76
6.3.9.mp4,9320,0.410107225347664,79
6.3.9.mp4,9380,0.4369875828882581,76
6.3.9.mp4,9440,0.3444858440809931,78
6.3.9.mp4,9500,0.3398103936881913,75
6.3.9.mp4,9560,0.30302623113712823,78
6.3.9.mp4,9620,0.3343845165674449,74
6.3.9.mp4,9680,0.3994979602345205,77
6.3.9.mp4,9740,0.42512070513284445,77
6.3.9.mp4,9800,0.418734896937027,78
6.3.9.mp4,9860,0.46598818430056177,75
6.3.9.mp4,9920,0.4181354902716583,75
6.3.9.mp4,9980,0.3687603757073368,77
6.3.9.mp4,10040,0.4111192853704036,73
6.3.9.mp4,10100,0.4408380434809563,72
6.3.9.mp4,10160,0.3895221167703631,77
6.3.9.mp4,10220,0.42465566164957214,78
6.3.9.mp4,10280,0.4521795823742208,74
6.3.9.mp4,10340,0.503618689862868,78
6.3.9.mp4,10400,0.46699608077890137,72
6.3.9.mp4,10460,0.4109231092144212,74
6.3.9.mp4,10520,0.4577768267398434,77
6.3.9.mp4,10580,0.4851929675853273,71
6.3.9.mp4,10640,0.43851481996510605,76
6.3.9.mp4,10700,0.499643477864253,75
6.3.9.mp4,10760,0.4610412609647028,80
6.3.9.mp4,10820,0.5139164937124269,74
6.3.9.mp4,10880,0.2568469791379022,77
6.3.9.mp4,10940,0.3287084622295677,73
6.3.9.mp4,11000,0.36464547423141386,72
6.3.9.mp4,11060,0.359490029888784,78
6.3.9.mp4,11120,0.32547383213963044,78
6.3.9.mp4,11180,0.31599139982989677,76
6.3.9.mp4,11240,0.29054569148204545,77
6.3.9.mp4,11300,0.2464807918392277,73
6.3.9.mp4,11360,0.33896158018149436,75
6.3.9.mp4,11420,0.36031611965232957,75
6.3.9.mp4,11480,0.34692017975612544,76
6.3.9.mp4,11540,0.3053647828288376,75
6.3.9.mp4,11600,0.42594248192229617,72
6.3.9.mp4,11660,0.4276055249525234,75
6.3.9.mp4,11720,0.4191316521311334,75
6.3.9.mp4,11780,0.42221874427519246,73
6.3.9.mp4,11840,0.35484422451803743,73
6.3.9.mp4,11900,0.43766401448308234,67
6.3.9.mp4,11960,0.22874921575721324,66
6.3.9.mp4,12020,0.3991495350533178,71
6.3.9.mp4,12080,0.3145931236942609,75
6.3.9.mp4,12140,0.3402883041624541,73
6.3.9.mp4,12200,0.4714003833974453,74
6.3.9.mp4,12260,0.36205836902306954,71
6.3.9.mp4,12320,0.312804225326265,78
6.3.9.mp4,12380,0.40098816337813803,77
6.3.9.mp4,12440,0.3845636150134461,77
6.3.9.mp4,12500,0.36799644708188006,70
6.3.9.mp4,12560,0.42511541357468047,74
6.3.9.mp4,12620,0.46235992164564477,76
6.3.9.mp4,12680,0.42925943248367215,74
6.3.9.mp4,12740,0.30804358552106553,72
6.3.9.mp4,12800,0.3851665540629377,75
6.3.9.mp4,12860,0.4153843075419948,77
6.3.9.mp4,12920,0.37186153710518083,71
6.3.9.mp4,12980,0.304168255807211,76
6.3.9.mp4,13040,0.2554452484408911,73
6.3.9.mp4,13100,0.2742469347038234,77
6.3.9.mp4,13160,0.3427682623441797,74
6.3.9.mp4,13220,0.30013677479112394,74
6.3.9.mp4,13280,0.2992775934825962,76
6.3.9.mp4,13340,0.34209632920258604,76
6.3.9.mp4,13400,0.43533832218491697,75
6.3.9.mp4,13460,0.41194754434216035,79
6.3.9.mp4,13520,0.46648447062379045,77
6.3.9.mp4,13580,0.4573839779125257,76
6.3.9.mp4,13640,0.40632880223550616,77
6.3.9.mp4,13700,0.3911713218052561,77
6.3.9.mp4,13760,0.31641600428862715,77
6.3.9.mp4,13820,0.3103428779160478,75
6.3.9.mp4,13880,0.34570074243108845,73
6.3.9.mp4,13940,0.4507610419144233,79
6.3.9.mp4,14000,0.38804669693888477,75
6.3.9.mp4,14060,0.4168752067867899,80
6.3.9.mp4,14120,0.38558534015115203,78
6.3.9.mp4,14180,0.4351848011432837,76
6.3.9.mp4,14240,0.4518803497582364,72
6.3.9.mp4,14300,0.42603367659237795,73
6.3.9.mp4,14360,0.3230440142114801,71
6.3.9.mp4,14420,0.281982046617195,75
6.3.9.mp4,14480,0.31231980360309153,77
6.3.9.mp4,14540,0.3264218491055558,68
6.3.9.mp4,14600,0.20867859305029637,76
6.3.9.mp4,14660,0.294447870409737,76
6.3.9.mp4,14720,0.24574266073371595,78
6.3.9.mp4,14780,0.27909240591077084,78
6.3.9.mp4,14840,0.34949992108771477,76
6.3.9.mp4,14900,0.29201238904084004,77
6.3.9.mp4,14960,0.31278856146673206,75
6.3.9.mp4,15020,0.2440109233247737,75
6.3.9.mp4,15080,0.3237337924258195,77
6.3.9.mp4,15140,0.2673041239495679,74
6.3.9.mp4,15200,0.4339934422774878,73
6.3.9.mp4,15260,0.346192466422891,76
6.3.9.mp4,15320,0.30387601283886895,77
6.3.9.mp4,15380,0.40279934025673153,74
6.3.9.mp4,15440,0.3759942163253994,73
6.3.9.mp4,15500,0.3109989250773814,67
6.3.9.mp4,15560,0.3171772494815387,77
6.3.9.mp4,15620,0.30839974160616596,75
6.3.9.mp4,15680,0.294122604898165,77
6.3.9.mp4,15740,0.3054102138152015,76
6.3.9.mp4,15800,0.25564915093732393,77
6.3.9.mp4,15860,0.2888423143948118,75
6.3.9.mp4,15920,0.3819317609940966,75
6.3.9.mp4,15980,0.405769440762747,77
6.3.9.mp4,16040,0.4071316966793028,78
6.3.9.mp4,16100,0.4494145474147185,70
6.3.9.mp4,16160,0.5211975011859881,76
6.3.9.mp4,16220,0.4015740551395525,71
6.3.9.mp4,16280,0.357754367611001,74
6.3.9.mp4,16340,0.27517929071114516,72
6.3.9.mp4,16400,0.33275646117444224,65
6.3.9.mp4,16460,0.27548842000784113,77
6.3.9.mp4,16520,0.4660416822402905,78
6.3.9.mp4,16580,0.3508442347815287,70
6.3.9.mp4,16640,0.2670610405443262,73
6.3.9.mp4,16700,0.258622098730744,71
6.3.9.mp4,16760,0.22106879250909053,70
6.3.9.mp4,16820,0.21662044152617455,74
6.3.9.mp4,16880,0.2024047459995972,81
6.3.9.mp4,16940,0.2678386528552639,73
6.3.9.mp4,17000,0.3017232692919863,78
6.3.9.mp4,17060,0.503212754403845,74
6.3.9.mp4,17120,0.49603036492871605,73
6.3.9.mp4,17180,0.6082746320604108,78
6.3.9.mp4,17240,0.5086219716519134,71
6.3.9.mp4,17300,0.47852302075956354,78
6.3.9.mp4,17360,0.5011807293343877,77
6.3.9.mp4,17420,0.5745538255332836,70
6.3.9.mp4,17480,0.47394202728755774,70
6.3.9.mp4,17540,0.44114392955328197,74
6.3.9.mp4,17600,0.5900280499867128,77
6.3.9.mp4,17660,0.5631186991386736,75
6.3.9.mp4,17720,0.6087530142283195,74
6.3.9.mp4,17780,0.373160859775743,71
6.3.9.mp4,17840,0.5480070445299535,77
6.3.9.mp4,17900,0.6370051434088964,80
6.3.9.mp4,17960,0.4221810616242389,69
6.3.9.mp4,18020,0.46384917323569386,71
6.3.9.mp4,18080,0.3433599908822689,69
6.3.9.mp4,18140,0.2757874281745251,73
6.3.9.mp4,18200,0.22276187035838949,67
6.3.9.mp4,18260,0.18456357971632054,71
6.3.9.mp4,18320,0.22918507946936492,72
6.3.9.mp4,18380,0.18575487818180894,76
6.3.9.mp4,18440,0.34208044948677224,77
6.3.9.mp4,18500,0.25445868193363663,69
6.3.9.mp4,18560,0.34976233933954987,69
6.3.9.mp4,18620,0.2933862029614163,72
6.3.9.mp4,18680,0.3409427902814868,73
6.3.9.mp4,18740,0.28816567433961227,76
6.3.9.mp4,18800,0.35062391234613544,75
6.3.9.mp4,18860,0.5008006921915027,76
6.3.9.mp4,18920,0.5058947657514363,75
6.3.9.mp4,18980,0.4474515722242075,77
6.3.9.mp4,19040,0.3675395763012756,77
6.3.9.mp4,19100,0.35195115767095964,72
6.3.9.mp4,19160,0.3137396777747199,71
6.3.9.mp4,19220,0.3138942044477093,74
6.3.9.mp4,19280,0.34459977205997955,76
6.3.9.mp4,19340,0.27943844955755465,72
6.3.9.mp4,19400,0.2512124861052332,78
6.3.9.mp4,19460,0.4550945575633944,76
6.3.9.mp4,19520,0.36381414511132065,79
6.3.9.mp4,19580,0.5051562587504048,75
6.3.9.mp4,19640,0.4870977207967606,64
6.3.9.mp4,19700,0.4279072059621349,74
6.3.9.mp4,19760,0.4524937573223724,66
6.3.9.mp4,19820,0.38847597985572757,64
6.3.9.mp4,19880,0.3852512062410824,66
6.3.9.mp4,19940,0.35600725433502634,66
6.3.9.mp4,20000,0.4076729275050088,72
6.3.9.mp4,20060,0.32848698546972555,64
6.3.9.mp4,20120,0.3040412166446913,64
6.3.9.mp4,20180,0.3376841161699889,73
6.3.9.mp4,20240,0.35996665857488014,64
6.3.9.mp4,20300,0.35988793520507617,67
6.3.9.mp4,20360,0.40621917439062916,63
6.3.9.mp4,20420,0.3577779351866671,59
6.3.9.mp4,20480,0.4851934739028712,65
6.3.9.mp4,20540,0.48675073771295607,69
6.3.9.mp4,20600,0.3605019674458377,69
6.3.9.mp4,20660,0.3835587664876902,67
6.3.9.mp4,20720,0.39938210410588054,68
6.3.9.mp4,20780,0.3655896781525318,73
6.3.9.mp4,20840,0.33057322171653675,69
6.3.9.mp4,20900,0.3249517074847758,70
6.3.9.mp4,20960,0.3699755751540963,72
6.3.9.mp4,21020,0.30489434283604294,77
6.3.9.mp4,21080,0.36462345755925135,71
6.3.9.mp4,21140,0.30215603822353676,63
6.3.9.mp4,21200,0.35095739552551614,72
6.3.9.mp4,21260,0.44302461918310393,72
6.3.9.mp4,21320,0.42436803210362356,68
6.3.9.mp4,21380,0.4698348005339439,73
6.3.9.mp4,21440,0.47823370815399036,71
6.3.9.mp4,21500,0.4037625812650529,73
6.3.9.mp4,21560,0.44200318855881643,75
6.3.9.mp4,21620,0.42290341892678823,70
6.3.9.mp4,21680,0.4061727458797395,75
6.3.9.mp4,21740,0.38138564779672407,72
6.3.9.mp4,21800,0.3391536126111853,68
6.3.9.mp4,21860,0.33120183534144115,73
6.3.9.mp4,21920,0.3676467930477963,69
6.3.9.mp4,21980,0.39089809500050976,74
6.3.9.mp4,22040,0.531733397364905,71
6.3.9.mp4,22100,0.5491879413097489,75
6.3.9.mp4,22160,0.5903288275659294,72
6.3.9.mp4,22220,0.5283756034028991,72
6.3.9.mp4,22280,0.5347747799210452,75
6.3.9.mp4,22340,0.46675683263068396,76
6.3.9.mp4,22400,0.40395407525724486,77
6.3.9.mp4,22460,0.373590539346171,72
6.3.9.mp4,22520,0.3944871692450732,64
6.3.9.mp4,22580,0.41108574530891406,71
6.3.9.mp4,22640,0.38439413003863826,62
6.3.9.mp4,22700,0.33849623937067685,68
6.3.9.mp4,22760,0.37564306263322844,63
6.3.9.mp4,22820,0.28412819276276774,73
6.3.9.mp4,22880,0.37495298337469446,72
6.3.9.mp4,22940,0.3927466503801822,71
6.3.9.mp4,23000,0.4198019821357985,67
6.3.9.mp4,23060,0.46181369344038625,70
6.3.9.mp4,23120,0.34446553844827577,67
6.3.9.mp4,23180,0.3805645097679864,66
6.3.9.mp4,23240,0.29676470671400007,72
6.3.9.mp4,23300,0.3612613351150584,72
6.3.9.mp4,23360,0.3192566246854969,73
6.3.9.mp4,23420,0.3956671101823032,67
6.3.9.mp4,23480,0.37093447019526765,69
6.3.9.mp4,23540,0.3974174547461399,67
6.3.9.mp4,23600,0.3954166756230879,70
6.3.9.mp4,23660,0.26655009513225164,63
6.3.9.mp4,23720,0.33504153025569394,68
6.3.9.mp4,23780,0.333703582363096,63
6.3.9.mp4,23840,0.34607910172295914,72
6.3.9.mp4,23900,0.28559526445608197,67
6.3.9.mp4,23960,0.3492208583929288,70
6.3.9.mp4,24020,0.3097632720135672,71
6.3.9.mp4,24080,0.32470362703016314,72
6.3.9.mp4,24140,0.28323809950545964,71
6.3.9.mp4,24200,0.39430668526468104,69
6.3.9.mp4,24260,0.40873724389682287,69
6.3.9.mp4,24320,0.3992882153088174,73
6.3.9.mp4,24380,0.36849970833492884,70
6.3.9.mp4,24440,0.26183100264549597,71
6.3.9.mp4,24500,0.4828459157980978,76
6.3.9.mp4,24560,0.4133286623281031,75
6.3.9.mp4,24620,0.4474692870154167,71
6.3.9.mp4,24680,0.3839255737499722,74
6.3.9.mp4,24740,0.35998201295047716,73
6.3.9.mp4,24800,0.27994646632427034,78
6.3.9.mp4,24860,0.24085407819743646,76
6.3.9.mp4,24920,0.3217998002655804,74
6.3.9.mp4,24980,0.3412781459155182,76
6.3.9.mp4,25040,0.3703464407434451,72
6.3.9.mp4,25100,0.3982510305129261,77
6.3.9.mp4,25160,0.4198643725179136,75
6.3.9.mp4,25220,0.4408176919538528,78
6.3.9.mp4,25280,0.5000949580816255,70
6.3.9.mp4,25340,0.43109887810562975,70
6.3.9.mp4,25400,0.4118970139883459,71
6.3.9.mp4,25460,0.3238707363207269,73
6.3.9.mp4,25520,0.38035907961581067,69
6.3.9.mp4,25580,0.35835357555391506,66
6.3.9.mp4,25640,0.2793260046025502,69
6.3.9.mp4,25700,0.21147352520448084,68
6.3.9.mp4,25760,0.2388722394726106,73
6.3.9.mp4,25820,0.231368817457491,69
6.3.9.mp4,25880,0.269135682931793,71
6.3.9.mp4,25940,0.293933893552273,72
6.3.9.mp4,26000,0.22087712754728273,69
6.3.9.mp4,26060,0.26104633570074626,76
6.3.9.mp4,26120,0.23543975402468018,72
6.3.9.mp4,26180,0.20992446052841843,72
6.3.9.mp4,26240,0.3026335971632139,76
6.3.9.mp4,26300,0.47111689060472567,79
6.3.9.mp4,26360,0.3658398294575965,75
6.3.9.mp4,26420,0.33376645635300656,80
6.3.9.mp4,26480,0.3503409624493248,71
6.3.9.mp4,26540,0.29238211898369465,67
6.3.9.mp4,26600,0.4879711874857215,76
6.3.9.mp4,26660,0.4574243832595538,70
6.3.9.mp4,26720,0.3725256476200361,71
6.3.9.mp4,26780,0.37638059374181304,69
6.3.9.mp4,26840,0.3715727206896435,70
6.3.9.mp4,26900,0.37858057663376843,72
6.3.9.mp4,26960,0.39785700558981707,70
6.3.9.mp4,27020,0.4157967552023161,68
6.3.9.mp4,27080,0.36181578209707094,68
6.3.9.mp4,27140,0.3672439365780779,71
6.3.9.mp4,27200,0.37488693603671364,78
6.3.9.mp4,27260,0.40231874243203386,70
6.3.9.mp4,27320,0.40480431199402495,70
6.3.9.mp4,27380,0.35089824316223006,73
6.3.9.mp4,27440,0.49114042075912223,75
6.3.9.mp4,27500,0.4645102448300938,69
6.3.9.mp4,27560,0.4618964142166078,71
6.3.9.mp4,27620,0.43107854619271346,73
6.3.9.mp4,27680,0.3253638155324614,75
6.3.9.mp4,27740,0.4966053309797926,72
6.3.9.mp4,27800,0.5092314381995616,75
6.3.9.mp4,27860,0.41564052675393715,68
6.3.9.mp4,27920,0.5140473198879397,68
6.3.9.mp4,27980,0.48977186706687376,74
6.3.9.mp4,28040,0.5112123522071856,74
6.3.9.mp4,28100,0.49524690892792783,75
6.3.9.mp4,28160,0.4992717825791899,75
6.3.9.mp4,28220,0.5373954599527268,75
6.3.9.mp4,28280,0.5038741430321422,66
6.3.9.mp4,28340,0.5137927336770339,67
6.3.9.mp4,28400,0.460348948935622,68
6.3.9.mp4,28460,0.5176905453218226,71
6.3.9.mp4,28520,0.5272574134869501,72
6.3.9.mp4,28580,0.4843826452981577,72
6.3.9.mp4,28640,0.5472809932361484,71
6.3.9.mp4,28700,0.5319127890274821,71
6.3.9.mp4,28760,0.5028570068502126,72
6.3.9.mp4,28820,0.4630819702777418,69
6.3.9.mp4,28880,0.3499969781625883,70
6.3.9.mp4,28940,0.5719621169610299,69
6.3.9.mp4,29000,0.4940751704023768,73
6.3.9.mp4,29060,0.4629702554286822,70
6.3.9.mp4,29120,0.5642808388560437,67
6.3.9.mp4,29180,0.5538763588895866,73
6.3.9.mp4,29240,0.5373009108859573,74
6.3.9.mp4,29300,0.5213007041974278,73
6.3.9.mp4,29360,0.4437130899647908,68
6.3.9.mp4,29420,0.45108720395259855,66
6.3.9.mp4,29480,0.45688227327617437,70
6.3.9.mp4,29540,0.4921887103534703,71
6.3.9.mp4,29600,0.500369530927012,69
6.3.9.mp4,29660,0.4952980219120426,71
6.3.9.mp4,29720,0.4924634482121162,70
6.3.9.mp4,29780,0.4521029669423655,70
6.3.9.mp4,29840,0.4244278027018642,68
6.3.9.mp4,29900,0.5033975051557977,71
6.3.9.mp4,29960,0.5279708112516658,73
6.3.9.mp4,30020,0.4587807979759649,68
6.3.9.mp4,30080,0.3939096227421292,70
6.3.9.mp4,30140,0.3985287130515858,68
6.3.9.mp4,30200,0.2113517610271072,67
6.3.9.mp4,30260,0.233759219242428,72
6.3.9.mp4,30320,0.18901719685567364,73
6.3.9.mp4,30380,0.3045477841722409,75
6.3.9.mp4,30440,0.35779007176760175,74
6.3.9.mp4,30500,0.5758718197309488,75
6.3.9.mp4,30560,0.5137761458881612,72
6.3.9.mp4,30620,0.43796618819675026,68
6.3.9.mp4,30680,0.5137239503427268,67
6.3.9.mp4,30740,0.42540108076617367,61
6.3.9.mp4,30800,0.46945900262234674,66
6.3.9.mp4,30860,0.4650558429979904,63
6.3.9.mp4,30920,0.36032166965155593,63
6.3.9.mp4,30980,0.3512619063744683,68
6.3.9.mp4,31040,0.327697701510392,70
6.3.9.mp4,31100,0.2733460880133887,71
6.3.9.mp4,31160,0.3875335404383285,70
6.3.9.mp4,31220,0.504181295633316,67
6.3.9.mp4,31280,0.3161472835564527,70
6.3.9.mp4,31340,0.4895928264115748,74
6.3.9.mp4,31400,0.3703642898073343,73
6.3.9.mp4,31460,0.34094287099316717,75
6.3.9.mp4,31520,0.2828505930925409,76
6.3.9.mp4,31580,0.1490525959862693,69
6.3.9.mp4,31640,0.26124537231849637,72
6.3.9.mp4,31700,0.4190855853245663,70
6.3.9.mp4,31760,0.20852002000901848,72
6.3.9.mp4,31820,0.5458723958980368,74
6.3.9.mp4,31880,0.4490309984988666,70
6.3.9.mp4,31940,0.35388625565184545,71
6.3.9.mp4,32000,0.15946567821093557,73
6.3.9.mp4,32060,0.24693757889157944,70
6.3.9.mp4,32120,0.2672615083055976,70
6.3.9.mp4,32180,0.514116243998121,70
6.3.9.mp4,32240,0.42525182213556645,75
6.3.9.mp4,32300,0.39158457322667045,75
6.3.9.mp4,32360,0.3993224209306114,70
6.3.9.mp4,32420,0.40568108340674963,74
6.3.9.mp4,32480,0.3619731838938178,70
6.3.9.mp4,32540,0.28000183244471877,73
6.3.9.mp4,32600,0.22813207630140633,77
6.3.9.mp4,32660,0.3649217134446535,73
6.3.9.mp4,32720,0.3602166287600994,73
6.3.9.mp4,32780,0.3413172860476953,68
6.3.9.mp4,32840,0.30185006967783995,75
6.3.9.mp4,32900,0.3576881788617027,69
6.3.9.mp4,32960,0.3352391085938654,74
6.3.9.mp4,33020,0.2924668625818339,74
6.3.9.mp4,33080,0.29650673400086,73
6.3.9.mp4,33140,0.4059047077552996,70
6.3.9.mp4,33200,0.3697482210455759,69
6.3.9.mp4,33260,0.34060387839945927,73
6.3.9.mp4,33320,0.27953740382688247,74
6.3.9.mp4,33380,0.24375713728305354,74
6.3.9.mp4,33440,0.3198620388931077,72
6.3.9.mp4,33500,0.34555757999126063,76
6.3.9.mp4,33560,0.20722569631534102,69
6.3.9.mp4,33620,0.27722370222127485,68
6.3.9.mp4,33680,0.3387087872615666,72
6.3.9.mp4,33740,0.394742880481383,69
6.3.9.mp4,33800,0.41160517907006416,68
6.3.9.mp4,33860,0.36721451778245706,64
6.3.9.mp4,33920,0.25932384321276913,65
6.3.9.mp4,33980,0.13320689838824432,68
6.3.9.mp4,34040,0.12178457885602256,66
6.3.9.mp4,34100,0.16593784446761545,71
6.3.9.mp4,34160,0.2420377045771971,69
6.3.9.mp4,34220,0.4129868642992473,70
6.3.9.mp4,34280,0.29476351297247066,72
6.3.9.mp4,34340,0.26598526495576336,70
6.3.9.mp4,34400,0.22618522926984327,70
6.3.9.mp4,34460,0.32268932592962624,68
6.3.9.mp4,34520,0.20226703036198582,69
6.3.9.mp4,34580,0.21371094759933218,74
6.3.9.mp4,34640,0.14087779137869955,71
6.3.9.mp4,34700,0.17364179468839555,75
6.3.9.mp4,34760,0.3107147370837629,75
6.3.9.mp4,34820,0.12720911574720498,72
6.3.9.mp4,34880,0.1928279941612986,71
6.3.9.mp4,34940,0.2864743854083559,68
6.3.9.mp4,35000,0.27650931381548827,67
6.3.9.mp4,35060,0.24875976024971655,60
6.3.9.mp4,35120,0.3437368925591347,68
6.3.9.mp4,35180,0.23029549857464565,70
6.3.9.mp4,35240,0.183768518056303,60
6.3.9.mp4,35300,0.24344881612979744,75
6.3.9.mp4,35360,0.31818827707001507,75
6.3.9.mp4,35420,0.37810623643235886,68
6.3.9.mp4,35480,0.35799947316991165,69
6.3.9.mp4,35540,0.33701588566512314,68
6.3.9.mp4,35600,0.3485376494936645,71
6.3.9.mp4,35660,0.35395229312331034,70
6.3.9.mp4,35720,0.4119681887987099,68
6.3.9.mp4,35780,0.45796000719669144,71
6.3.9.mp4,35840,0.412734354819945,72
6.3.9.mp4,35900,0.4880728699317842,69
6.3.9.mp4,35960,0.27127775243784796,70
6.3.9.mp4,36020,0.3274093690995516,69
6.3.9.mp4,36080,0.2679595568747111,71
6.3.9.mp4,36140,0.14553392092570636,71
6.3.9.mp4,36200,0.10766288051308948,65
6.3.9.mp4,36260,0.17126223796692033,66
6.3.9.mp4,36320,0.40171223258948885,72
6.3.9.mp4,36380,0.3215785112880073,69
6.3.9.mp4,36440,0.28542339310935533,64
6.3.9.mp4,36500,0.3898927224722951,70
6.3.9.mp4,36560,0.29022793574703803,69
6.3.9.mp4,36620,0.3930279957408558,67
6.3.9.mp4,36680,0.3213561574707083,62
6.3.9.mp4,36740,0.39194831806526054,66
6.3.9.mp4,36800,0.4369710263214074,61
6.3.9.mp4,36860,0.3635655922314527,65
6.3.9.mp4,36920,0.2952202336027232,70
6.3.9.mp4,36980,0.22394190274644643,68
6.3.9.mp4,37040,0.19455098911577753,68
6.3.9.mp4,37100,0.36438809443079917,73
6.3.9.mp4,37160,0.25946185534463867,68
6.3.9.mp4,37220,0.1238929039793541,69
6.3.9.mp4,37280,0.1465687407642904,70
6.3.9.mp4,37340,0.17491124914975945,70
6.3.9.mp4,37400,0.27334709945065316,67
6.3.9.mp4,37460,0.22040324814434192,67
6.3.9.mp4,37520,0.19311327087780228,65
6.3.9.mp4,37580,0.2673824366500122,69
6.3.9.mp4,37640,0.4398700704445623,73
6.3.9.mp4,37700,0.19869648141229845,66
6.3.9.mp4,37760,0.1536678729304445,71
6.3.9.mp4,37820,0.1469612613812877,66
6.3.9.mp4,37880,0.1409042521571631,70
6.3.9.mp4,37940,0.17368798307772423,74
6.3.9.mp4,38000,0.2319025835270683,75
6.3.9.mp4,38060,0.3577979840026696,72
6.3.9.mp4,38120,0.16464794184438475,73
6.3.9.mp4,38180,0.24150573396074929,76
6.3.9.mp4,38240,0.21813597139488491,67
6.3.9.mp4,38300,0.22979601551062212,66
6.3.9.mp4,38360,0.17433652520600346,62
6.3.9.mp4,38420,0.1926120589453511,70
6.3.9.mp4,38480,0.18022787036945023,63
6.3.9.mp4,38540,0.21703700557918637,65
6.3.9.mp4,38600,0.19715847529843097,67
6.3.9.mp4,38660,0.2539043575066181,71
6.3.9.mp4,38720,0.21647506945335598,68
6.3.9.mp4,38780,0.2850288736072424,69
6.3.9.mp4,38840,0.377880940318052,68
6.3.9.mp4,38900,0.3494854678241869,70
6.3.9.mp4,38960,0.34147969282912527,65
6.3.9.mp4,39020,0.3421314708481897,71
6.3.9.mp4,39080,0.21246634172275664,66
6.3.9.mp4,39140,0.25860271705731525,67
6.3.9.mp4,39200,0.36835517905253384,70
6.3.9.mp4,39260,0.4197787211354201,72
6.3.9.mp4,39320,0.42703226471403194,67
6.3.9.mp4,39380,0.5021495359768677,72
6.3.9.mp4,39440,0.45910543650525676,69
6.3.9.mp4,39500,0.4719495180049049,68
6.3.9.mp4,39560,0.38443318968775736,69
6.3.9.mp4,39620,0.3463500667703556,65
6.3.9.mp4,39680,0.3284769999728139,71
6.3.9.mp4,39740,0.5149699990155309,72
6.3.9.mp4,39800,0.460051212268435,73
6.3.9.mp4,39860,0.44435469054214255,74
6.3.9.mp4,39920,0.4311886539556629,72
6.3.9.mp4,39980,0.5594083250538018,75
6.3.9.mp4,40040,0.43196554931435877,66
6.3.9.mp4,40100,0.34453650039922395,72
6.3.9.mp4,40160,0.1817951123641037,68
6.3.9.mp4,40220,0.38316881553711074,76
6.3.9.mp4,40280,0.16791608296955626,75
6.3.9.mp4,40340,0.12889282029020052,73
6.3.9.mp4,40400,0.19799936289120823,74
6.3.9.mp4,40460,0.19099888754444141,69
6.3.9.mp4,40520,0.18995619907572464,74
6.3.9.mp4,40580,0.1638423200594644,73
6.3.9.mp4,40640,0.13389715029402663,71
6.3.9.mp4,40700,0.15037682152269255,61
